Date,Brent_M1/M6,Gasoil_M1/M6
2016-01-01,0.002864,-0.010359
2016-01-04,-0.004899,0.011569
2016-01-05,0.002164,0.011271
2016-01-06,-0.007557,0.02151
2016-01-07,0.000922,-0.0167
2016-01-08,-0.008575,-0.00892
2016-01-11,-0.001316,0.000533
2016-01-12,-0.017766,-0.009636
2016-01-13,0.004705,-0.007947
2016-01-14,-0.009879,0.003728
2016-01-15,-0.005712,-0.010203
2016-01-18,0.005532,0.006731
2016-01-19,0.002035,-0.010339
2016-01-20,0.003988,-0.003543
2016-01-21,-0.000223,-0.005234
2016-01-22,0.001779,-0.003849
2016-01-25,-0.006336,0.000207
2016-01-26,-0.006021,0.017624
2016-01-27,-0.003289,0.002303
2016-01-28,-0.014428,0.001572
2016-01-29,0.011286,-0.007171
2016-02-01,-0.009313,-0.001413
2016-02-02,0.006325,-0.010492
2016-02-03,-0.015452,5.5e-05
2016-02-04,0.014009,-0.00269
2016-02-05,-0.001935,0.001694
2016-02-08,-0.002504,-0.005546
2016-02-09,0.000931,0.001805
2016-02-10,0.000685,-0.009349
2016-02-11,-0.011406,-0.000509
2016-02-12,-0.007586,0.004311
2016-02-15,-0.001611,-0.009655
2016-02-16,-0.002859,-0.001696
2016-02-17,-0.003947,-0.001933
2016-02-18,0.004039,-0.008419
2016-02-19,0.001579,0.011523
2016-02-22,0.005868,-0.007665
2016-02-23,0.006087,-0.009051
2016-02-24,-0.008376,-0.004474
2016-02-25,-0.000459,-0.001882
2016-02-26,0.005385,-0.009247
2016-02-29,0.007804,0.00169
2016-03-01,0.006553,0.008234
2016-03-02,-0.000804,0.001019
2016-03-03,0.006504,0.007379
2016-03-04,0.014289,0.011188
2016-03-07,0.000728,-0.003811
2016-03-08,-0.010114,-0.001069
2016-03-09,0.01018,0.001654
2016-03-10,0.002715,-0.018683
2016-03-11,0.001264,0.011237
2016-03-14,0.001131,0.000362
2016-03-15,0.005143,-0.003981
2016-03-16,-0.005364,0.007111
2016-03-17,-0.01312,-0.004584
2016-03-18,-0.001453,0.002761
2016-03-21,-0.00075,0.004237
2016-03-22,-0.009911,0.000494
2016-03-23,-0.004976,0.015066
2016-03-24,-0.000311,0.010482
2016-03-25,-0.006878,0.012973
2016-03-28,0.004467,-0.0231
2016-03-29,0.002497,-0.000627
2016-03-30,-0.003379,0.00264
2016-03-31,0.002653,-0.003068
2016-04-01,0.012684,-0.02275
2016-04-04,0.000218,-0.003986
2016-04-05,-0.003196,0.014068
2016-04-06,0.003922,-0.009179
2016-04-07,-0.000149,0.006097
2016-04-08,-0.002602,-0.001039
2016-04-11,-0.005962,-0.007002
2016-04-12,0.006128,4.6e-05
2016-04-13,-0.003119,0.002398
2016-04-14,0.015197,0.005914
2016-04-15,0.001586,0.013366
2016-04-18,-0.003542,0.001602
2016-04-19,0.004637,0.007593
2016-04-20,0.009928,0.004198
2016-04-21,0.003739,-0.006358
2016-04-22,0.000715,-0.002063
2016-04-25,0.006052,-0.002796
2016-04-26,-0.004746,0.023627
2016-04-27,0.004386,0.002564
2016-04-28,-0.005279,-0.000343
2016-04-29,0.004359,-0.010817
2016-05-02,-0.001476,0.000884
2016-05-03,-0.008497,-0.006203
2016-05-04,0.004783,0.01294
2016-05-05,-0.001481,-0.006732
2016-05-06,-2.9e-05,-0.001243
2016-05-09,-0.003694,0.006689
2016-05-10,0.004597,-0.015776
2016-05-11,0.002568,-0.004507
2016-05-12,0.008775,-0.016238
2016-05-13,-0.004677,0.003576
2016-05-16,0.004018,0.007797
2016-05-17,-0.014083,0.009224
2016-05-18,-0.000492,-0.006416
2016-05-19,0.002408,-0.00739
2016-05-20,-0.003611,-0.00691
2016-05-23,-0.000439,-0.00784
2016-05-24,0.000666,-0.007013
2016-05-25,0.004205,-0.000131
2016-05-26,-0.013731,0.002744
2016-05-27,0.001316,-0.002426
2016-05-30,0.002688,-0.019234
2016-05-31,0.004197,-0.002142
2016-06-01,0.005463,0.001085
2016-06-02,0.003556,-0.007582
2016-06-03,0.001407,-0.000776
2016-06-06,-0.00094,-0.000765
2016-06-07,-0.001678,-0.005525
2016-06-08,0.000673,-0.001312
2016-06-09,-0.004709,0.005529
2016-06-10,-0.000221,-0.005328
2016-06-13,-0.002876,-0.001499
2016-06-14,-0.001001,-0.009629
2016-06-15,0.015074,-0.001751
2016-06-16,0.000378,0.008686
2016-06-17,4.3e-05,0.016556
2016-06-20,0.005013,0.004497
2016-06-21,0.005559,0.007177
2016-06-22,-0.002731,0.00118
2016-06-23,-0.00319,0.000491
2016-06-24,-0.001246,-0.008745
2016-06-27,0.001213,-0.006746
2016-06-28,-0.000382,0.00225
2016-06-29,-0.002451,-5.6e-05
2016-06-30,0.004336,-0.048858
2016-07-01,0.001655,-0.02849
2016-07-04,-0.002586,0.010045
2016-07-05,-0.000694,-0.006807
2016-07-06,-0.004006,-0.006608
2016-07-07,0.016253,0.003982
2016-07-08,0.007604,0.002343
2016-07-11,-0.001703,-0.00457
2016-07-12,0.003788,-0.005275
2016-07-13,0.00081,-0.000547
2016-07-14,-0.016818,-0.005555
2016-07-15,-0.00229,0.004011
2016-07-18,-0.002192,-0.003102
2016-07-19,0.006469,0.008687
2016-07-20,-0.003055,-0.004305
2016-07-21,0.003486,-0.021785
2016-07-22,-0.000256,-0.004461
2016-07-25,0.00732,-0.004306
2016-07-26,-0.001499,-0.004492
2016-07-27,0.010083,0.002229
2016-07-28,0.000346,-0.000947
2016-07-29,0.004079,-0.000271
2016-08-01,-0.001573,-0.006116
2016-08-02,0.013656,-0.001934
2016-08-03,-0.004285,0.015557
2016-08-04,-0.001488,0.000669
2016-08-05,-0.000991,-0.006088
2016-08-08,0.013177,0.010467
2016-08-09,-0.000679,0.007923
2016-08-10,0.001763,0.002688
2016-08-11,-0.010905,-0.006841
2016-08-12,0.00753,0.004528
2016-08-15,0.001388,0.012015
2016-08-16,-0.004779,0.001704
2016-08-17,-0.005112,-0.00339
2016-08-18,-0.007058,0.009874
2016-08-19,0.001914,-0.028637
2016-08-22,-0.003816,-0.003443
2016-08-23,-0.001629,-0.009209
2016-08-24,-0.004556,-0.004034
2016-08-25,0.003151,-0.001939
2016-08-26,0.00622,0.008179
2016-08-29,-0.003802,0.014767
2016-08-30,-0.005893,-0.017395
2016-08-31,-0.008979,0.001383
2016-09-01,0.0023,-0.005223
2016-09-02,-0.006155,0.002411
2016-09-05,0.000446,-0.009852
2016-09-06,0.000826,0.003848
2016-09-07,0.000704,0.01235
2016-09-08,-0.008639,-0.007355
2016-09-09,0.001351,-0.009493
2016-09-12,0.001341,-0.011764
2016-09-13,-0.003165,0.012173
2016-09-14,-0.009274,-0.001811
2016-09-15,-0.003725,0.004364
2016-09-16,-0.000791,0.001931
2016-09-19,-0.001917,-0.003393
2016-09-20,0.001713,-0.005391
2016-09-21,-0.000341,0.006685
2016-09-22,-0.001465,0.006266
2016-09-23,-0.000246,-0.004519
2016-09-26,0.001906,0.00212
2016-09-27,-0.002971,-0.003542
2016-09-28,0.003808,0.013093
2016-09-29,1.3e-05,-0.015173
2016-09-30,-0.00848,-0.011708
2016-10-03,0.000942,0.003909
2016-10-04,-0.019611,-0.006502
2016-10-05,-0.003997,0.024368
2016-10-06,0.001542,-0.004035
2016-10-07,-0.003624,0.025174
2016-10-10,-0.003234,-0.005437
2016-10-11,0.001032,0.001298
2016-10-12,0.003888,0.003014
2016-10-13,-0.003301,-0.011165
2016-10-14,-0.007528,-0.009116
2016-10-17,0.001032,0.007661
2016-10-18,-0.002497,-0.005723
2016-10-19,-0.011945,-0.006403
2016-10-20,-0.003463,0.004547
2016-10-21,0.006071,-0.00236
2016-10-24,-5.8e-05,0.004432
2016-10-25,-0.006346,0.007752
2016-10-26,-0.006954,0.003849
2016-10-27,0.004268,-0.006753
2016-10-28,0.001877,0.001937
2016-10-31,0.00236,-0.007948
2016-11-01,0.003719,-0.000174
2016-11-02,0.003348,0.000238
2016-11-03,0.006474,0.002925
2016-11-04,-0.000443,-0.00309
2016-11-07,-0.011695,-0.018216
2016-11-08,-0.004165,0.005159
2016-11-09,-0.002963,0.005384
2016-11-10,0.001313,-0.004783
2016-11-11,-0.011825,0.003615
2016-11-14,8.1e-05,0.003319
2016-11-15,-0.00509,0.008153
2016-11-16,-0.00074,-0.003947
2016-11-17,-0.005701,0.001699
2016-11-18,0.001054,0.005081
2016-11-21,0.003479,0.008679
2016-11-22,0.002246,0.000439
2016-11-23,0.001113,0.00407
2016-11-24,0.003571,-0.016035
2016-11-25,-0.001147,-0.002351
2016-11-28,-0.001581,0.011813
2016-11-29,0.008708,0.031863
2016-11-30,0.011043,0.001269
2016-12-01,-0.001738,0.010804
2016-12-02,-0.016359,-0.000761
2016-12-05,-0.003566,-0.011876
2016-12-06,0.008955,0.01164
2016-12-07,0.004476,0.006743
2016-12-08,0.000211,0.005499
2016-12-09,0.004703,-0.008309
2016-12-12,-0.001012,0.002449
2016-12-13,-0.00101,-0.001087
2016-12-14,0.000276,-0.001753
2016-12-15,-0.011403,0.000441
2016-12-16,0.005368,-0.003931
2016-12-19,-0.003637,-0.001806
2016-12-20,-0.000767,-0.016724
2016-12-21,0.002934,0.002216
2016-12-22,-0.000906,0.001007
2016-12-23,-0.001745,-0.003454
2016-12-26,-1.4e-05,-0.003266
2016-12-27,-0.000795,0.005407
2016-12-28,0.006757,-0.002925
2016-12-29,0.005387,0.014301
2016-12-30,-0.007892,0.002156
2017-01-02,-0.000697,-0.005934
2017-01-03,0.002156,0.007607
2017-01-04,0.000189,-0.003539
2017-01-05,0.001764,0.003693
2017-01-06,0.003711,0.007749
2017-01-09,-0.008639,-0.001705
2017-01-10,0.00244,0.006786
2017-01-11,0.001045,0.007972
2017-01-12,0.001781,-0.002734
2017-01-13,-0.008725,0.001067
2017-01-16,0.001106,0.004154
2017-01-17,-0.004919,-0.00048
2017-01-18,-0.014667,0.000326
2017-01-19,0.013213,-0.039678
2017-01-20,0.006869,0.001937
2017-01-23,-0.003387,-0.002788
2017-01-24,0.001778,-0.012413
2017-01-25,-0.01641,0.021144
2017-01-26,-0.003954,-0.012597
2017-01-27,-0.000586,0.013647
2017-01-30,0.002719,-0.002377
2017-01-31,0.005642,-0.002159
2017-02-01,-0.001051,-0.017882
2017-02-02,-0.001933,-0.009724
2017-02-03,-0.000915,0.004635
2017-02-06,0.002966,0.001757
2017-02-07,0.004714,0.012067
2017-02-08,-0.00934,0.003497
2017-02-09,0.001902,0.01028
2017-02-10,0.007072,0.004915
2017-02-13,0.002623,0.009695
2017-02-14,-0.000463,0.002771
2017-02-15,-0.007922,0.004875
2017-02-16,0.001485,-0.00226
2017-02-17,0.00396,-0.006178
2017-02-20,0.000754,-5.3e-05
2017-02-21,-0.000779,-0.002268
2017-02-22,-0.003296,-0.000549
2017-02-23,-0.001904,-5.7e-05
2017-02-24,0.003264,0.005961
2017-02-27,-0.005296,-0.001396
2017-02-28,-0.002079,0.007499
2017-03-01,-0.009167,0.019396
2017-03-02,0.003181,0.000428
2017-03-03,0.004211,-0.002589
2017-03-06,-0.004405,-0.024481
2017-03-07,0.004179,0.012683
2017-03-08,0.001808,0.005715
2017-03-09,0.000764,-0.000811
2017-03-10,0.006554,-0.004374
2017-03-13,0.007729,0.001469
2017-03-14,-0.010292,-0.004717
2017-03-15,0.003718,-0.003074
2017-03-16,3.3e-05,0.010574
2017-03-17,0.003897,-0.000444
2017-03-20,-0.004694,-0.000513
2017-03-21,-0.012037,-0.001611
2017-03-22,0.003504,-0.02233
2017-03-23,-0.010298,0.000966
2017-03-24,-0.000923,-0.001805
2017-03-27,-0.000163,-0.003992
2017-03-28,-0.000409,-0.009033
2017-03-29,-0.008069,-0.011616
2017-03-30,0.005522,-0.000401
2017-03-31,0.004936,0.001589
2017-04-03,0.004534,0.003134
2017-04-04,0.001561,-0.00277
2017-04-05,-0.032052,-0.035964
2017-04-06,0.001821,0.001164
2017-04-07,0.00559,0.002494
2017-04-10,-0.005715,0.011801
2017-04-11,-0.005587,-0.000784
2017-04-12,-0.002706,0.000148
2017-04-13,0.002928,0.002679
2017-04-14,-0.00327,0.021929
2017-04-17,0.00251,0.010779
2017-04-18,0.006814,-0.006135
2017-04-19,0.002455,-0.001223
2017-04-20,0.002463,0.016513
2017-04-21,-0.000775,0.033833
2017-04-24,-0.005509,-0.00443
2017-04-25,-0.000411,0.005933
2017-04-26,0.005394,0.017698
2017-04-27,0.00102,-0.005873
2017-04-28,7.6e-05,-0.000975
2017-05-01,-7e-05,0.004181
2017-05-02,-0.006087,-0.002061
2017-05-03,-0.016809,-0.012446
2017-05-04,-0.017104,-0.011695
2017-05-05,0.009979,-0.003684
2017-05-08,-0.010113,0.011742
2017-05-09,-0.001242,0.001245
2017-05-10,-0.002031,-0.007702
2017-05-11,-0.00441,0.010904
2017-05-12,0.00354,0.000364
2017-05-15,-0.002443,-0.018565
2017-05-16,0.003975,-0.013403
2017-05-17,0.005106,0.004311
2017-05-18,-0.014621,0.002109
2017-05-19,0.00964,0.002409
2017-05-22,-0.009631,0.006346
2017-05-23,-0.004636,-0.002601
2017-05-24,0.004662,-0.008993
2017-05-25,0.000396,0.004297
2017-05-26,-0.02254,0.006519
2017-05-29,-0.002923,0.003581
2017-05-30,0.003086,-0.002199
2017-05-31,-0.005701,0.00502
2017-06-01,0.000591,-0.008043
2017-06-02,-0.004744,0.00981
2017-06-05,0.013794,0.014162
2017-06-06,-0.007373,-0.008452
2017-06-07,0.005352,-0.008095
2017-06-08,-0.038045,0.007824
2017-06-09,0.002471,-0.000756
2017-06-12,-0.002052,0.005494
2017-06-13,0.002195,-0.00446
2017-06-14,-0.000586,-0.009267
2017-06-15,-0.003176,-0.007202
2017-06-16,0.002773,-0.003474
2017-06-19,-0.005515,0.000511
2017-06-20,-0.01008,0.00691
2017-06-21,0.005417,-0.002856
2017-06-22,-0.002058,0.005372
2017-06-23,0.008844,0.002551
2017-06-26,-0.003136,-0.012807
2017-06-27,0.005962,0.003523
2017-06-28,0.002712,0.000432
2017-06-29,0.009348,-0.001013
2017-06-30,0.003996,0.00642
2017-07-03,0.000904,0.008932
2017-07-04,-0.004283,-0.005151
2017-07-05,0.006553,0.001624
2017-07-06,-0.008859,0.007215
2017-07-07,-0.003311,0.005367
2017-07-10,-0.002662,-0.000872
2017-07-11,-0.020335,-0.004333
2017-07-12,0.000361,-0.004851
2017-07-13,-0.000849,0.009807
2017-07-14,0.001812,0.00348
2017-07-17,-0.006465,9.6e-05
2017-07-18,-0.008714,0.006901
2017-07-19,0.001781,0.003451
2017-07-20,-0.014854,0.007516
2017-07-21,0.00104,0.003795
2017-07-24,0.001425,-0.003377
2017-07-25,0.004656,-0.010236
2017-07-26,-0.00522,0.00509
2017-07-27,0.008728,0.011892
2017-07-28,0.002588,-0.001753
2017-07-31,-0.002887,0.013763
2017-08-01,0.001601,-0.000573
2017-08-02,0.000791,-5e-06
2017-08-03,0.003119,0.006552
2017-08-04,0.007804,0.002978
2017-08-07,-0.00294,0.005008
2017-08-08,6.9e-05,-0.002483
2017-08-09,0.006976,0.000584
2017-08-10,0.008869,-0.003476
2017-08-11,-0.002083,0.004419
2017-08-14,-0.011276,-0.000587
2017-08-15,0.005544,6.3e-05
2017-08-16,-0.000196,0.006366
2017-08-17,0.008609,-0.017198
2017-08-18,0.00509,0.005968
2017-08-21,0.020109,0.000409
2017-08-22,-8.5e-05,0.016537
2017-08-23,-0.005057,0.000382
2017-08-24,-0.010443,-0.002901
2017-08-25,-0.002404,-0.020131
2017-08-28,0.006922,0.000911
2017-08-29,0.002772,0.000606
2017-08-30,0.006807,0.00353
2017-08-31,-0.003406,-0.007632
2017-09-01,0.007296,-0.001433
2017-09-04,0.000861,-0.001433
2017-09-05,0.003147,-0.0046
2017-09-06,-0.015322,0.00289
2017-09-07,0.002518,0.000787
2017-09-08,0.002141,-0.000145
2017-09-11,-0.003937,0.006897
2017-09-12,0.004009,-0.000979
2017-09-13,0.017624,0.007867
2017-09-14,-0.004758,0.005038
2017-09-15,0.004875,0.002791
2017-09-18,0.002876,0.004028
2017-09-19,0.003835,0.011945
2017-09-20,0.003889,0.005148
2017-09-21,-0.008858,-0.003066
2017-09-22,-0.003454,0.00407
2017-09-25,0.00221,-0.004053
2017-09-26,0.008621,0.000629
2017-09-27,-0.002082,0.005113
2017-09-28,0.003081,0.002628
2017-09-29,-0.006073,0.000923
2017-10-02,0.002573,-0.010126
2017-10-03,-0.00116,0.012096
2017-10-04,-0.002789,0.005128
2017-10-05,0.004145,-0.001301
2017-10-06,-0.003816,-0.002914
2017-10-09,-0.000147,0.003394
2017-10-10,-0.003522,-0.000947
2017-10-11,-0.000234,0.016092
2017-10-12,0.002997,-0.003998
2017-10-13,0.002287,-0.002477
2017-10-16,0.004779,0.000985
2017-10-17,0.001602,-0.012332
2017-10-18,0.002118,0.003216
2017-10-19,0.003123,0.011205
2017-10-20,-0.00978,0.016178
2017-10-23,-0.002166,0.012536
2017-10-24,-0.005972,-0.000915
2017-10-25,-0.000227,0.002053
2017-10-26,-0.004787,0.003796
2017-10-27,0.01001,-0.006584
2017-10-30,-0.000212,0.000792
2017-10-31,0.001301,0.011738
2017-11-01,-0.012534,0.002298
2017-11-02,-0.001843,0.001177
2017-11-03,-0.003854,0.00903
2017-11-06,0.000298,-0.002602
2017-11-07,-0.002234,0.000871
2017-11-08,0.000629,0.001982
2017-11-09,0.003767,-0.000519
2017-11-10,0.003381,-0.001939
2017-11-13,-0.005708,0.004977
2017-11-14,0.002875,0.003435
2017-11-15,0.006019,-0.001013
2017-11-16,-7.2e-05,0.005779
2017-11-17,0.004709,0.007283
2017-11-20,0.002153,0.000576
2017-11-21,0.000361,-0.005653
2017-11-22,0.000835,-0.009382
2017-11-23,0.002006,-0.003499
2017-11-24,0.000186,0.006321
2017-11-27,-0.005706,-0.005182
2017-11-28,0.001922,0.00628
2017-11-29,-0.00547,-0.005938
2017-11-30,-0.00602,-0.002556
2017-12-01,0.000603,-0.00464
2017-12-04,0.004739,-0.002262
2017-12-05,0.00261,0.003349
2017-12-06,0.004607,-0.000693
2017-12-07,0.006975,-0.001854
2017-12-08,-0.003325,0.012303
2017-12-11,-0.008313,0.0075
2017-12-12,0.002124,0.003887
2017-12-13,0.006324,-0.009004
2017-12-14,0.004669,-0.001041
2017-12-15,-0.001789,-0.008199
2017-12-18,-0.00024,0.000991
2017-12-19,0.00283,-0.04105
2017-12-20,-0.001194,0.005016
2017-12-21,-0.001918,-0.005245
2017-12-22,0.000224,-0.006135
2017-12-25,0.011081,-0.012306
2017-12-26,0.002777,0.005241
2017-12-27,-0.001168,0.008753
2017-12-28,0.002167,-0.009524
2017-12-29,0.000617,0.008202
2018-01-01,-0.007539,0.015149
2018-01-02,0.000988,-0.000264
2018-01-03,0.01368,-0.002569
2018-01-04,0.008452,0.013421
2018-01-05,0.001459,-0.007502
2018-01-08,-0.00265,-0.019988
2018-01-09,0.002107,0.005373
2018-01-10,0.00284,0.005879
2018-01-11,-0.018011,-0.007478
2018-01-12,0.000197,0.016259
2018-01-15,-0.002428,0.000529
2018-01-16,0.004687,-0.004304
2018-01-17,0.010074,-0.016788
2018-01-18,0.000739,0.005368
2018-01-19,0.008858,-0.008946
2018-01-22,-0.007318,-0.004726
2018-01-23,-0.002459,-0.002052
2018-01-24,0.00342,-0.004162
2018-01-25,-0.009007,-0.002937
2018-01-26,-0.00109,-0.001353
2018-01-29,0.001975,-0.010002
2018-01-30,0.022828,-0.0023
2018-01-31,0.000892,0.003564
2018-02-01,-0.003742,0.004996
2018-02-02,-0.000598,-0.000137
2018-02-05,0.009631,0.006473
2018-02-06,0.018201,-0.009919
2018-02-07,0.004484,0.002027
2018-02-08,0.010565,-0.011186
2018-02-09,-0.000521,0.003448
2018-02-12,0.015834,0.01346
2018-02-13,-0.009742,-0.010321
2018-02-14,-0.001441,0.00342
2018-02-15,-0.001525,-0.006047
2018-02-16,-0.000518,0.000409
2018-02-19,0.001674,0.000179
2018-02-20,0.010939,-0.005175
2018-02-21,0.005708,-0.015803
2018-02-22,0.0001,0.012675
2018-02-23,-0.003248,0.014976
2018-02-26,-0.00854,-0.010417
2018-02-27,-0.003154,-0.005904
2018-02-28,0.003203,-0.007784
2018-03-01,-0.027739,-0.004348
2018-03-02,0.005107,0.005207
2018-03-05,-0.008449,-0.00559
2018-03-06,-0.015961,0.000607
2018-03-07,-0.006628,0.002413
2018-03-08,0.002206,0.000533
2018-03-09,-0.009965,-0.014168
2018-03-12,-0.003538,0.014067
2018-03-13,0.003191,-0.003866
2018-03-14,-0.007159,-0.010453
2018-03-15,-0.00392,-0.000181
2018-03-16,-0.000786,-0.011679
2018-03-19,-0.000201,-0.000531
2018-03-20,0.001359,0.002791
2018-03-21,0.001858,-0.005515
2018-03-22,0.004876,-0.003317
2018-03-23,-0.006079,-0.003583
2018-03-26,-0.004744,-0.001405
2018-03-27,-0.003626,0.002097
2018-03-28,0.002527,-0.002002
2018-03-29,0.01058,-0.001272
2018-03-30,0.004918,0.004834
2018-04-02,0.002858,0.000696
2018-04-03,-0.000998,-0.009293
2018-04-04,-0.005764,0.00041
2018-04-05,-0.010903,0.003177
2018-04-06,-0.004139,-0.004671
2018-04-09,0.005168,0.004007
2018-04-10,-0.003332,0.023063
2018-04-11,0.003528,0.00237
2018-04-12,-0.005457,0.012207
2018-04-13,-0.005534,-0.01651
2018-04-16,-0.013461,0.000265
2018-04-17,-0.004658,-0.00347
2018-04-18,-0.003552,-0.004911
2018-04-19,-0.003384,-0.01051
2018-04-20,0.005974,-0.002383
2018-04-23,0.000448,-0.003935
2018-04-24,0.005247,0.000774
2018-04-25,-0.001446,-0.008483
2018-04-26,0.003801,-0.001698
2018-04-27,-0.006979,-0.004463
2018-04-30,0.003789,0.003023
2018-05-01,0.004934,0.001842
2018-05-02,-0.002379,0.001448
2018-05-03,0.004023,-0.006519
2018-05-04,0.00056,0.001756
2018-05-07,0.000524,0.010257
2018-05-08,2e-05,-0.005957
2018-05-09,-0.00909,-0.003961
2018-05-10,-0.00817,-0.000964
2018-05-11,0.001006,-0.005522
2018-05-14,0.004081,-0.000374
2018-05-15,-0.008311,0.001029
2018-05-16,-0.000871,0.002583
2018-05-17,0.003549,0.008624
2018-05-18,-0.003864,-0.004898
2018-05-21,0.004259,0.005507
2018-05-22,0.005874,0.005607
2018-05-23,0.003747,-0.004234
2018-05-24,-0.000802,0.006784
2018-05-25,0.00435,-0.005676
2018-05-28,-0.004752,0.000601
2018-05-29,0.001695,-0.011209
2018-05-30,0.012771,0.004871
2018-05-31,0.002359,-0.001257
2018-06-01,0.011179,-0.006658
2018-06-04,0.016429,0.002414
2018-06-05,0.003198,0.000793
2018-06-06,0.004102,0.003908
2018-06-07,-0.004824,0.001872
2018-06-08,0.008743,-0.003596
2018-06-11,-0.001769,0.006351
2018-06-12,0.01187,0.014357
2018-06-13,-0.001568,0.002272
2018-06-14,0.004544,0.004923
2018-06-15,-0.005154,-0.000622
2018-06-18,-0.006682,0.000122
2018-06-19,0.001014,-0.000943
2018-06-20,0.002497,0.020736
2018-06-21,-0.000907,-0.006267
2018-06-22,-0.004493,-0.001644
2018-06-25,-0.002562,0.003094
2018-06-26,0.002177,0.004554
2018-06-27,0.003451,0.00636
2018-06-28,-0.002324,-0.003072
2018-06-29,-0.006834,0.003527
2018-07-02,-0.010495,-0.002909
2018-07-03,-0.002845,-0.012372
2018-07-04,0.005317,-0.004664
2018-07-05,-0.001858,0.013214
2018-07-06,-0.003848,0.004233
2018-07-09,-0.002825,0.002781
2018-07-10,0.004478,0.005108
2018-07-11,0.00701,-0.007004
2018-07-12,-0.009449,-0.004688
2018-07-13,-0.009423,-0.003003
2018-07-16,-0.006802,-0.004133
2018-07-17,0.004631,-0.013898
2018-07-18,-0.003953,0.015204
2018-07-19,0.007398,-0.000277
2018-07-20,-0.000258,0.003967
2018-07-23,0.011571,0.002566
2018-07-24,-0.00762,0.015341
2018-07-25,0.00719,-0.013334
2018-07-26,-0.004209,-0.00995
2018-07-27,-0.001405,-0.003368
2018-07-30,-0.014818,-0.003552
2018-07-31,0.00037,0.009084
2018-08-01,-0.014402,0.012425
2018-08-02,-0.007618,-0.001085
2018-08-03,0.008904,-0.010522
2018-08-06,-0.003154,-0.010365
2018-08-07,0.000547,0.005733
2018-08-08,-0.004587,0.003167
2018-08-09,-0.000738,-0.01192
2018-08-10,-0.006985,-0.000844
2018-08-13,0.002037,-0.000816
2018-08-14,-0.00088,0.024347
2018-08-15,0.005759,-7.5e-05
2018-08-16,0.006569,0.001221
2018-08-17,0.004651,0.003971
2018-08-20,-0.005454,-0.003571
2018-08-21,-0.003596,0.002414
2018-08-22,-0.001384,-0.006791
2018-08-23,0.009937,-0.007846
2018-08-24,-0.007861,0.012367
2018-08-27,0.008839,-0.003533
2018-08-28,0.000316,0.010743
2018-08-29,-0.006118,0.012115
2018-08-30,0.00226,0.010047
2018-08-31,-0.009677,-0.006043
2018-09-03,0.004093,-0.018879
2018-09-04,-0.001141,0.000824
2018-09-05,0.001647,-0.001131
2018-09-06,-0.009131,0.003013
2018-09-07,0.014172,-0.008441
2018-09-10,-0.004095,-0.018636
2018-09-11,0.001703,-0.010703
2018-09-12,-0.00973,0.005436
2018-09-13,0.005202,-0.009655
2018-09-14,0.001526,-0.00271
2018-09-17,-0.014402,-0.003947
2018-09-18,0.011078,-0.000657
2018-09-19,-0.010282,0.000167
2018-09-20,0.045274,0.000102
2018-09-21,0.000232,0.007456
2018-09-24,0.002776,0.006442
2018-09-25,-0.003567,-0.002629
2018-09-26,-0.000383,6.8e-05
2018-09-27,-0.004639,-0.006441
2018-09-28,-0.003109,0.001836
2018-10-01,0.0032,0.011932
2018-10-02,-0.005927,-0.003495
2018-10-03,0.011241,0.001943
2018-10-04,0.001366,-0.000622
2018-10-05,-0.004064,-0.001118
2018-10-08,0.001187,-0.007767
2018-10-09,-0.002434,-0.007113
2018-10-10,0.000198,-0.005827
2018-10-11,-0.001956,-0.009109
2018-10-12,4.8e-05,-0.007867
2018-10-15,0.002126,-0.012199
2018-10-16,-0.006124,-0.000428
2018-10-17,-0.000715,-0.017783
2018-10-18,-0.00096,-0.016275
2018-10-19,-0.006403,0.005737
2018-10-22,-0.002218,-0.000285
2018-10-23,-0.002776,-0.011169
2018-10-24,0.006564,0.004095
2018-10-25,0.000923,-0.008634
2018-10-26,0.00286,-0.001516
2018-10-29,0.004456,-0.002633
2018-10-30,-0.003878,0.007075
2018-10-31,-0.001642,-0.008148
2018-11-01,-0.000363,0.001385
2018-11-02,0.001755,-0.00359
2018-11-05,-0.004164,0.011122
2018-11-06,0.002371,0.001259
2018-11-07,0.004808,0.004148
2018-11-08,0.006661,0.014303
2018-11-09,-0.000375,0.007825
2018-11-12,0.000871,-0.005096
2018-11-13,0.00156,0.013318
2018-11-14,0.010762,-0.013191
2018-11-15,0.00064,0.002133
2018-11-16,0.01116,-0.004907
2018-11-19,0.001981,0.009321
2018-11-20,-0.005006,0.004443
2018-11-21,0.001897,0.007561
2018-11-22,-0.000788,0.00066
2018-11-23,0.005494,-0.006118
2018-11-26,-0.012979,-0.008211
2018-11-27,0.007599,-0.002015
2018-11-28,-0.000631,0.011
2018-11-29,0.000943,0.024543
2018-11-30,-0.009898,0.00633
2018-12-03,0.00075,0.007529
2018-12-04,0.006998,-0.003538
2018-12-05,-0.001957,0.003393
2018-12-06,0.0028,0.005413
2018-12-07,-0.00922,-0.008141
2018-12-10,-0.006384,-0.000733
2018-12-11,-0.007144,-0.005453
2018-12-12,0.002843,-0.010504
2018-12-13,-0.001927,-0.00636
2018-12-14,-0.002914,0.011164
2018-12-17,0.001104,0.007014
2018-12-18,-0.000347,-0.004697
2018-12-19,-0.016412,-0.001631
2018-12-20,-0.006764,0.015634
2018-12-21,0.00616,0.00907
2018-12-24,0.007512,-0.022339
2018-12-25,-0.005971,0.002808
2018-12-26,0.00731,-0.01103
2018-12-27,0.011452,-0.005809
2018-12-28,0.005804,0.013799
2018-12-31,-0.00258,0.003934
2019-01-01,-0.003085,0.008618
2019-01-02,-0.003039,0.002548
2019-01-03,-0.006192,-0.006023
2019-01-04,-0.008182,-0.003697
2019-01-07,0.02191,0.00474
2019-01-08,-0.004849,0.002934
2019-01-09,-0.002837,-0.002169
2019-01-10,-0.004707,0.013425
2019-01-11,-0.005288,-0.005089
2019-01-14,-0.004966,0.00082
2019-01-15,-0.000869,0.008598
2019-01-16,-0.00279,-0.009365
2019-01-17,0.000461,-0.006279
2019-01-18,-0.004379,-0.015568
2019-01-21,0.009189,0.000858
2019-01-22,-0.010516,0.010649
2019-01-23,-0.0027,0.00512
2019-01-24,0.003601,0.002239
2019-01-25,-0.004629,-0.006793
2019-01-28,-0.002635,-0.002277
2019-01-29,0.005441,0.000956
2019-01-30,0.003498,0.00667
2019-01-31,0.002282,-0.002965
2019-02-01,-0.006597,-0.005231
2019-02-04,0.003816,0.000381
2019-02-05,-0.002179,0.018461
2019-02-06,-0.001069,0.00115
2019-02-07,-0.011852,-0.003264
2019-02-08,0.002061,-0.000132
2019-02-11,0.004386,-0.004657
2019-02-12,-0.003839,0.00859
2019-02-13,-0.007485,0.013177
2019-02-14,0.002691,0.003607
2019-02-15,-0.003675,0.001624
2019-02-18,-0.003087,-0.008857
2019-02-19,-0.003843,-0.005953
2019-02-20,0.001254,-0.008179
2019-02-21,0.004223,0.00228
2019-02-22,-0.009789,-0.001167
2019-02-25,0.00139,0.00485
2019-02-26,0.00011,0.016995
2019-02-27,0.000995,0.01088
2019-02-28,0.000283,0.009556
2019-03-01,-0.001016,-0.002722
2019-03-04,0.004765,0.016149
2019-03-05,-0.00106,0.001501
2019-03-06,0.003806,0.010831
2019-03-07,0.001131,-0.011307
2019-03-08,-0.004648,-0.006372
2019-03-11,0.003412,0.00749
2019-03-12,0.001457,-0.002754
2019-03-13,0.006241,-4.4e-05
2019-03-14,-0.005259,0.002592
2019-03-15,-0.003653,0.004101
2019-03-18,-0.009356,0.000762
2019-03-19,0.00191,0.001212
2019-03-20,0.005024,-0.003473
2019-03-21,-0.003242,-0.001716
2019-03-22,0.000533,-0.006795
2019-03-25,-0.001462,-0.008191
2019-03-26,0.003943,-3.1e-05
2019-03-27,0.004161,-0.007786
2019-03-28,-0.000752,-0.002724
2019-03-29,0.007682,0.007566
2019-04-01,0.000839,0.017529
2019-04-02,0.002564,0.001898
2019-04-03,0.010232,0.011748
2019-04-04,-0.002599,0.004523
2019-04-05,-0.000424,-0.005987
2019-04-08,-0.000818,-0.003301
2019-04-09,0.000954,0.003462
2019-04-10,0.004406,0.012709
2019-04-11,-0.00129,0.000538
2019-04-12,0.003129,-0.001893
2019-04-15,-0.003768,0.005285
2019-04-16,0.011125,-0.005931
2019-04-17,0.005682,-0.002214
2019-04-18,-0.013376,-0.00168
2019-04-19,0.029079,0.004906
2019-04-22,0.007473,-0.003021
2019-04-23,0.004888,0.014952
2019-04-24,0.00273,0.025221
2019-04-25,0.008774,-0.008663
2019-04-26,-0.020417,0.000546
2019-04-29,-0.006357,-0.026308
2019-04-30,-0.00126,0.011127
2019-05-01,-0.005064,0.002462
2019-05-02,0.007656,-0.005436
2019-05-03,-0.010751,-0.00259
2019-05-06,-0.002889,-0.0077
2019-05-07,-0.003072,0.003915
2019-05-08,0.002825,-0.002049
2019-05-09,0.001281,0.00115
2019-05-10,-0.000359,-0.005099
2019-05-13,-0.001616,0.008604
2019-05-14,0.001638,0.004293
2019-05-15,-0.001626,-0.001426
2019-05-16,-0.002614,0.00596
2019-05-17,-0.003332,-0.011057
2019-05-20,-0.004149,0.00259
2019-05-21,0.000489,0.012166
2019-05-22,-0.00373,-0.01146
2019-05-23,-0.006338,0.001815
2019-05-24,0.003406,-0.011224
2019-05-27,0.004212,-0.023297
2019-05-28,0.005231,0.002518
2019-05-29,-0.008062,-0.003688
2019-05-30,-0.007574,0.003179
2019-05-31,0.004308,0.005602
2019-06-03,0.004313,0.002061
2019-06-04,-0.004464,-0.003212
2019-06-05,0.005922,0.001028
2019-06-06,0.000748,-0.003342
2019-06-07,0.002429,0.000378
2019-06-10,0.002197,0.005
2019-06-11,-0.004159,-0.014633
2019-06-12,0.00258,-0.0027
2019-06-13,0.005556,0.012521
2019-06-14,0.001543,0.022244
2019-06-17,-0.016323,-0.000627
2019-06-18,0.000595,-0.006463
2019-06-19,-0.004389,-0.009275
2019-06-20,-0.004499,-8e-05
2019-06-21,-0.005021,-0.003882
2019-06-24,-0.002015,0.000264
2019-06-25,-0.005601,-0.01459
2019-06-26,0.003175,-0.002015
2019-06-27,-0.003069,-0.006431
2019-06-28,-0.007861,0.001745
2019-07-01,-0.0161,-0.003576
2019-07-02,0.016459,0.004552
2019-07-03,0.00171,0.018747
2019-07-04,0.00255,0.00501
2019-07-05,0.006945,-0.002438
2019-07-08,-0.002465,0.007351
2019-07-09,-0.003065,-0.006501
2019-07-10,-0.005258,0.005426
2019-07-11,0.004774,-0.002854
2019-07-12,-0.001169,0.007724
2019-07-15,0.003322,0.008038
2019-07-16,0.001708,-0.001412
2019-07-17,-0.000596,-0.003283
2019-07-18,-0.000648,0.014157
2019-07-19,-0.000306,-0.009725
2019-07-22,-0.002669,-0.021273
2019-07-23,-0.001997,-0.012035
2019-07-24,-0.004054,0.030486
2019-07-25,-0.008131,-0.024507
2019-07-26,-0.01445,-0.012341
2019-07-29,0.002349,0.006299
2019-07-30,0.00272,-0.004053
2019-07-31,0.00802,0.002457
2019-08-01,-0.02541,-0.012847
2019-08-02,-0.002956,0.016393
2019-08-05,0.000115,0.004508
2019-08-06,0.006142,-0.004498
2019-08-07,0.003516,-0.005554
2019-08-08,0.01195,-0.011403
2019-08-09,0.005515,-0.003631
2019-08-12,-0.005357,-0.001266
2019-08-13,-0.004111,-0.007815
2019-08-14,-0.010403,0.001435
2019-08-15,0.003723,0.00587
2019-08-16,-0.007853,0.003787
2019-08-19,-0.006887,0.009099
2019-08-20,-0.005251,0.001954
2019-08-21,-0.002866,-0.005255
2019-08-22,-0.000962,-0.019198
2019-08-23,-0.002522,-0.004409
2019-08-26,0.000563,-0.014488
2019-08-27,0.002756,0.002115
2019-08-28,-0.000265,0.011075
2019-08-29,-0.003868,0.019971
2019-08-30,0.005396,0.024446
2019-09-02,0.016132,-0.005133
2019-09-03,0.004245,0.010886
2019-09-04,0.002616,-0.006994
2019-09-05,-0.005774,0.0072
2019-09-06,-0.002242,-0.005659
2019-09-09,0.008685,0.007378
2019-09-10,0.000145,-0.002499
2019-09-11,0.007917,0.003175
2019-09-12,0.0013,-0.008172
2019-09-13,0.000271,-0.00105
2019-09-16,-0.006923,0.008586
2019-09-17,-0.002334,-0.000122
2019-09-18,-0.010276,-0.007954
2019-09-19,-0.004145,0.006234
2019-09-20,0.005936,0.001774
2019-09-23,-0.001131,-0.003571
2019-09-24,-0.00224,-0.004773
2019-09-25,-0.009004,-0.009505
2019-09-26,-0.011887,-0.003988
2019-09-27,-0.000868,-0.00571
2019-09-30,-0.003643,0.011877
2019-10-01,0.002302,-0.007054
2019-10-02,-0.002144,-0.007388
2019-10-03,0.011431,-0.003678
2019-10-04,0.00734,-0.00242
2019-10-07,-0.007073,-0.006079
2019-10-08,-0.004424,-0.006474
2019-10-09,0.001788,-0.001039
2019-10-10,-0.003469,-0.007753
2019-10-11,-0.002743,-0.00114
2019-10-14,0.008831,0.007537
2019-10-15,-0.004296,0.014935
2019-10-16,-0.007644,-0.000327
2019-10-17,-0.001562,-0.004245
2019-10-18,0.001598,0.004331
2019-10-21,-0.012299,0.012404
2019-10-22,-0.002571,-0.014446
2019-10-23,-0.004846,0.002829
2019-10-24,-0.006927,-0.007806
2019-10-25,0.002277,0.010819
2019-10-28,0.002768,0.015147
2019-10-29,-0.004189,-0.000999
2019-10-30,0.011835,-0.006958
2019-10-31,-0.002494,-0.017215
2019-11-01,-0.004256,0.011474
2019-11-04,0.004276,0.000219
2019-11-05,-0.003231,-0.001423
2019-11-06,-0.003892,-0.005119
2019-11-07,0.000754,-0.01523
2019-11-08,0.004235,-0.005692
2019-11-11,-0.00383,-0.003013
2019-11-12,-0.005961,0.011745
2019-11-13,0.003722,0.00945
2019-11-14,-0.001775,0.00577
2019-11-15,-0.003382,0.016994
2019-11-18,0.001847,0.00512
2019-11-19,-0.000334,-0.004567
2019-11-20,-0.010554,0.007744
2019-11-21,-0.002064,0.005521
2019-11-22,0.00353,-0.002532
2019-11-25,0.002374,-0.032317
2019-11-26,-0.000784,0.00038
2019-11-27,0.001567,-0.000357
2019-11-28,0.005341,-0.011311
2019-11-29,-0.001087,-0.007679
2019-12-02,-0.010592,0.01023
2019-12-03,-0.00263,0.002585
2019-12-04,-0.004045,0.005319
2019-12-05,-0.004967,0.013278
2019-12-06,0.000566,0.017439
2019-12-09,0.000631,0.006955
2019-12-10,0.01374,-0.000101
2019-12-11,-0.00125,-0.007477
2019-12-12,0.004297,0.0132
2019-12-13,-0.000893,-0.003201
2019-12-16,-0.000325,0.013192
2019-12-17,0.007315,-0.006584
2019-12-18,-0.007155,0.016709
2019-12-19,0.004549,0.00251
2019-12-20,0.001435,0.000804
2019-12-23,0.006266,0.007539
2019-12-24,0.002182,-0.005366
2019-12-25,-0.003254,0.002307
2019-12-26,-0.000772,0.002861
2019-12-27,-0.013298,-0.002459
2019-12-30,-0.00274,-0.00141
2019-12-31,-0.001804,-0.007068
2020-01-01,0.008914,0.000912
2020-01-02,0.000627,-0.006128
2020-01-03,0.000507,0.007011
2020-01-06,-0.006373,0.009878
2020-01-07,0.009175,-0.011162
2020-01-08,-0.000527,0.006727
2020-01-09,-0.007037,0.021151
2020-01-10,-0.010836,0.000588
2020-01-13,-0.003926,-0.001559
2020-01-14,-0.012447,0.001588
2020-01-15,0.003643,-0.006253
2020-01-16,0.000366,-0.003222
2020-01-17,0.00615,0.006059
2020-01-20,0.012935,0.000536
2020-01-21,-0.014344,0.001666
2020-01-22,0.003035,0.001735
2020-01-23,-0.00887,0.014601
2020-01-24,-0.002569,0.008037
2020-01-27,-0.006364,0.001257
2020-01-28,0.006992,0.002643
2020-01-29,-0.00227,-0.00197
2020-01-30,0.007129,0.007604
2020-01-31,-0.000614,0.010338
2020-02-03,7.7e-05,0.003832
2020-02-04,0.003864,-0.001466
2020-02-05,6.5e-05,0.003674
2020-02-06,0.002093,0.012712
2020-02-07,0.001249,-0.009175
2020-02-10,-0.026308,-0.000567
2020-02-11,-0.010793,-0.007898
2020-02-12,-0.004759,0.003092
2020-02-13,-0.006169,0.00763
2020-02-14,-0.012658,-0.002041
2020-02-17,-0.000239,-0.000781
2020-02-18,0.001792,-0.008232
2020-02-19,-0.001586,0.003047
2020-02-20,0.002339,-0.001147
2020-02-21,-0.001123,-0.004552
2020-02-24,-0.00855,0.00388
2020-02-25,-0.001708,0.008655
2020-02-26,0.018094,0.005779
2020-02-27,0.01633,-0.011887
2020-02-28,0.00272,0.000154
2020-03-02,-0.002975,0.013147
2020-03-03,0.007639,-0.009901
2020-03-04,0.001057,0.011457
2020-03-05,0.002234,-0.017298
2020-03-06,0.012358,-0.016918
2020-03-09,0.004604,-0.006054
2020-03-10,-0.006998,-0.002702
2020-03-11,-0.009729,-0.002647
2020-03-12,-0.001354,0.001117
2020-03-13,0.011194,-0.002494
2020-03-16,0.008067,-0.00424
2020-03-17,-0.000889,0.014754
2020-03-18,0.002759,-0.008843
2020-03-19,-0.002541,0.010988
2020-03-20,-0.003001,0.013564
2020-03-23,-0.000791,0.003863
2020-03-24,0.006365,0.00642
2020-03-25,-0.007187,-0.019773
2020-03-26,0.007785,-0.008512
2020-03-27,0.009485,-0.006614
2020-03-30,0.001958,0.004114
2020-03-31,-0.001801,-0.001849
2020-04-01,-0.014089,0.006308
2020-04-02,-0.002411,0.004341
2020-04-03,0.003049,-0.001954
2020-04-06,-0.00238,-0.008686
2020-04-07,0.006182,0.015603
2020-04-08,-0.006622,-0.000289
2020-04-09,0.003382,0.033327
2020-04-10,-0.007734,0.033522
2020-04-13,-0.000803,0.005095
2020-04-14,0.001777,0.014053
2020-04-15,-0.004701,0.006313
2020-04-16,0.001814,-0.003551
2020-04-17,-0.006011,0.008219
2020-04-20,0.010656,0.011793
2020-04-21,0.005658,0.002541
2020-04-22,0.009982,-0.004064
2020-04-23,0.0046,-0.005861
2020-04-24,0.003264,-0.005859
2020-04-27,-0.005507,0.006392
2020-04-28,0.001747,-0.009649
2020-04-29,-0.009769,-0.006036
2020-04-30,0.005947,0.00117
2020-05-01,-0.00372,-0.005467
2020-05-04,0.008096,-0.006359
2020-05-05,-0.000657,0.004761
2020-05-06,-0.003017,0.003002
2020-05-07,0.004683,0.003685
2020-05-08,-0.005833,0.019794
2020-05-11,-0.004184,0.006053
2020-05-12,-0.002633,0.011648
2020-05-13,0.002978,-0.00601
2020-05-14,0.001102,-0.004721
2020-05-15,-0.004834,0.004578
2020-05-18,0.006213,-0.007225
2020-05-19,-0.001736,0.009203
2020-05-20,-0.000931,-0.01002
2020-05-21,-0.001854,0.007692
2020-05-22,0.01213,0.006289
2020-05-25,0.004755,-0.006002
2020-05-26,0.007637,0.007367
2020-05-27,-0.002695,-0.01447
2020-05-28,-0.018206,-0.004163
2020-05-29,0.00955,-0.001803
2020-06-01,0.001987,0.003372
2020-06-02,0.006058,0.010292
2020-06-03,0.003545,-0.003717
2020-06-04,-0.004445,0.001205
2020-06-05,-0.004169,-0.012051
2020-06-08,0.006694,-0.01437
2020-06-09,-0.005074,-0.01525
2020-06-10,-0.003389,-0.000308
2020-06-11,-0.00022,0.013934
2020-06-12,0.004157,0.012966
2020-06-15,-0.000812,-0.000614
2020-06-16,-0.005085,-0.000965
2020-06-17,-0.001271,-0.007271
2020-06-18,0.013302,-0.021671
2020-06-19,-0.005492,-0.00335
2020-06-22,0.015186,0.028056
2020-06-23,0.010895,0.007347
2020-06-24,0.003399,-0.001598
2020-06-25,-0.002423,-0.011834
2020-06-26,-0.000253,-0.001442
2020-06-29,0.001082,-0.005532
2020-06-30,0.009477,0.000599
2020-07-01,-0.011407,0.000824
2020-07-02,0.008354,-0.012591
2020-07-03,-0.003751,-0.001889
2020-07-06,-0.021345,0.003654
2020-07-07,0.000252,0.004419
2020-07-08,-0.000373,-0.009815
2020-07-09,-0.001581,0.015606
2020-07-10,0.006855,0.000818
2020-07-13,0.00369,0.008653
2020-07-14,0.004953,0.005878
2020-07-15,-0.012343,-0.000227
2020-07-16,0.004778,0.002753
2020-07-17,0.012933,0.000524
2020-07-20,-0.004677,-0.003765
2020-07-21,-0.002738,0.012785
2020-07-22,-0.002271,-0.011153
2020-07-23,0.003693,-0.014115
2020-07-24,0.004168,-0.013072
2020-07-27,0.003905,-0.005233
2020-07-28,-0.006439,0.001103
2020-07-29,0.003818,0.008177
2020-07-30,0.001539,0.00145
2020-07-31,-0.001579,-0.009882
2020-08-03,-0.001211,0.004373
2020-08-04,0.003137,-0.001404
2020-08-05,-0.000216,-0.009736
2020-08-06,-0.001631,0.004059
2020-08-07,0.001794,0.001614
2020-08-10,0.000986,0.00343
2020-08-11,-0.00479,0.000355
2020-08-12,-0.003575,-0.003776
2020-08-13,-0.004472,-0.002935
2020-08-14,0.002954,0.008737
2020-08-17,0.00241,0.005284
2020-08-18,0.005996,0.002972
2020-08-19,-0.000219,0.003884
2020-08-20,-0.006321,-0.00322
2020-08-21,-0.002349,0.003249
2020-08-24,0.004173,0.005949
2020-08-25,0.013829,-0.00834
2020-08-26,0.002801,0.00046
2020-08-27,0.002301,-0.015249
2020-08-28,-0.0018,-0.005411
2020-08-31,0.0072,-0.00525
2020-09-01,-0.01746,0.009123
2020-09-02,-0.000622,0.002603
2020-09-03,-0.010346,0.002347
2020-09-04,0.003456,0.00271
2020-09-07,0.006007,-0.009867
2020-09-08,-0.008199,0.005868
2020-09-09,0.003951,-0.006279
2020-09-10,-0.007576,0.008884
2020-09-11,-0.001364,-0.016464
2020-09-14,-0.003107,-0.011449
2020-09-15,0.003404,-0.007333
2020-09-16,0.003281,-0.002717
2020-09-17,0.006019,-0.015962
2020-09-18,-0.006041,-0.005337
2020-09-21,0.00317,-0.003131
2020-09-22,0.000803,-0.004595
2020-09-23,0.003455,0.000616
2020-09-24,-0.001438,-0.00584
2020-09-25,-0.001075,0.001431
2020-09-28,0.003119,0.002117
2020-09-29,-0.00509,0.002743
2020-09-30,-0.002129,-0.000898
2020-10-01,-0.006232,-0.01337
2020-10-02,-0.000412,0.007609
2020-10-05,0.001375,0.005193
2020-10-06,0.002412,-0.002925
2020-10-07,0.007085,-0.010363
2020-10-08,0.006624,-0.005951
2020-10-09,0.002704,0.011124
2020-10-12,0.000479,0.006537
2020-10-13,0.002011,-0.007424
2020-10-14,0.007161,-0.005686
2020-10-15,-0.002033,-0.006333
2020-10-16,0.001048,0.01148
2020-10-19,0.011663,-0.011713
2020-10-20,-0.00093,-0.008577
2020-10-21,0.01102,0.00177
2020-10-22,-0.001424,-0.003021
2020-10-23,0.016845,0.006855
2020-10-26,-0.003174,0.001905
2020-10-27,0.004464,0.005028
2020-10-28,0.012509,-0.008227
2020-10-29,0.000468,0.002585
2020-10-30,0.008706,-0.014575
2020-11-02,-0.002916,0.004898
2020-11-03,-0.001089,-0.017624
2020-11-04,-0.005147,0.003995
2020-11-05,-0.01363,-0.006415
2020-11-06,-0.00022,0.010804
2020-11-09,-0.001172,0.001697
2020-11-10,0.001142,-0.000569
2020-11-11,-0.00723,0.00202
2020-11-12,0.00387,0.000797
2020-11-13,0.004648,0.000186
2020-11-16,-0.002539,0.005314
2020-11-17,-0.002092,-0.001792
2020-11-18,-0.003299,0.001703
2020-11-19,-0.004357,0.038731
2020-11-20,-0.000875,0.000336
2020-11-23,0.014513,-0.018937
2020-11-24,-0.009826,0.001677
2020-11-25,0.009917,-0.002916
2020-11-26,-0.011838,-0.014344
2020-11-27,0.004738,-0.000559
2020-11-30,0.00435,-0.002407
2020-12-01,-0.006461,0.002492
2020-12-02,-0.002704,0.006742
2020-12-03,-0.005382,0.00526
2020-12-04,-0.010833,0.015349
2020-12-07,-0.001185,-0.010531
2020-12-08,-0.001109,-0.007127
2020-12-09,0.001032,0.006528
2020-12-10,-0.001194,-0.008042
2020-12-11,0.014632,-0.003
2020-12-14,0.006322,0.00103
2020-12-15,0.005834,-0.002474
2020-12-16,0.004371,0.007061
2020-12-17,-0.001717,-0.000129
2020-12-18,-0.001748,-0.011433
2020-12-21,0.001391,-0.001986
2020-12-22,-0.000374,0.007784
2020-12-23,-0.010494,0.005252
2020-12-24,0.000156,-0.002199
2020-12-25,-0.000986,-0.006521
2020-12-28,-0.013042,-0.004451
2020-12-29,0.001295,0.007238
2020-12-30,0.007351,3.1e-05
2020-12-31,-0.011759,0.004004
2021-01-01,0.000566,0.009753
2021-01-04,-0.00592,-0.005833
2021-01-05,0.004788,0.001651
2021-01-06,0.000143,0.006639
2021-01-07,0.011367,0.002051
2021-01-08,0.002857,-0.003416
2021-01-11,0.001399,0.01258
2021-01-12,0.021209,0.01186
2021-01-13,0.001043,-0.002721
2021-01-14,-0.00085,-0.003466
2021-01-15,-0.004812,-0.030114
2021-01-18,-0.010025,0.001778
2021-01-19,0.011674,-0.00734
2021-01-20,0.00753,-0.0055
2021-01-21,-0.003942,-0.001101
2021-01-22,0.003654,-0.002385
2021-01-25,-0.00582,-0.010427
2021-01-26,0.001858,0.02062
2021-01-27,0.003583,-0.01662
2021-01-28,-0.000566,0.0004
2021-01-29,-0.016568,-0.002509
2021-02-01,0.00398,0.011678
2021-02-02,-0.008799,-0.002384
2021-02-03,0.001053,-0.007643
2021-02-04,0.000103,-0.00076
2021-02-05,-0.013058,0.006413
2021-02-08,0.004108,-0.008399
2021-02-09,-0.000108,-0.001443
2021-02-10,0.00606,-0.001425
2021-02-11,0.003355,-0.017036
2021-02-12,-0.005153,0.009397
2021-02-15,-0.001926,0.007249
2021-02-16,0.000911,-0.000855
2021-02-17,-0.005711,-0.003823
2021-02-18,0.006241,-0.007951
2021-02-19,-0.003677,0.002969
2021-02-22,0.004098,0.002288
2021-02-23,0.00322,0.003732
2021-02-24,-0.009662,-0.002412
2021-02-25,0.011735,0.009312
2021-02-26,-0.004593,0.002872
2021-03-01,0.005774,0.000136
2021-03-02,0.001618,-0.000196
2021-03-03,0.009609,0.004043
2021-03-04,-0.006184,0.00546
2021-03-05,0.001886,0.002202
2021-03-08,-0.006814,-0.006963
2021-03-09,-0.005975,0.004874
2021-03-10,0.007608,-0.006055
2021-03-11,-0.003613,-0.007113
2021-03-12,0.005273,0.007681
2021-03-15,0.001001,0.000993
2021-03-16,-0.003016,-0.007444
2021-03-17,0.007297,-0.002428
2021-03-18,0.002567,0.0109
2021-03-19,0.001305,-0.002193
2021-03-22,-0.012855,-0.000965
2021-03-23,-0.000207,0.002422
2021-03-24,-0.013886,-0.008697
2021-03-25,-0.003608,-0.011229
2021-03-26,0.0065,-0.001307
2021-03-29,0.012837,-0.001592
2021-03-30,-0.004984,0.000205
2021-03-31,-0.004729,0.002934
2021-04-01,-0.002384,-0.001977
2021-04-02,-0.003302,-0.004304
2021-04-05,0.005242,-0.00583
2021-04-06,0.003494,-0.00802
2021-04-07,-0.009739,-0.003196
2021-04-08,-0.014234,0.008603
2021-04-09,-0.001352,-0.003853
2021-04-12,0.000806,-0.001109
2021-04-13,0.001538,0.00803
2021-04-14,0.010049,-0.000631
2021-04-15,0.007658,-0.008934
2021-04-16,-0.006167,0.003143
2021-04-19,-0.007623,-0.004389
2021-04-20,-0.003011,-0.00434
2021-04-21,-0.001615,-0.002615
2021-04-22,0.010533,0.008244
2021-04-23,0.002672,0.003482
2021-04-26,-0.002396,0.001662
2021-04-27,0.002835,-0.00315
2021-04-28,-0.00063,-0.005269
2021-04-29,-0.001018,0.019652
2021-04-30,-0.001103,-0.00745
2021-05-03,0.011948,-0.004996
2021-05-04,0.003095,-0.002106
2021-05-05,0.002,0.00259
2021-05-06,-0.00155,-0.006628
2021-05-07,-0.005252,-0.002056
2021-05-10,-0.003076,0.003769
2021-05-11,0.001546,-0.013459
2021-05-12,-0.001077,0.006853
2021-05-13,0.013637,-0.006059
2021-05-14,0.006212,-0.011681
2021-05-17,0.000816,0.000704
2021-05-18,0.003679,0.000131
2021-05-19,0.004455,7.4e-05
2021-05-20,0.00201,-0.000965
2021-05-21,0.002897,-0.004454
2021-05-24,-0.003676,-0.002692
2021-05-25,-0.002539,0.000504
2021-05-26,0.000146,0.005231
2021-05-27,-0.000437,-0.003503
2021-05-28,0.012248,-0.001601
2021-05-31,0.008113,0.00746
2021-06-01,0.003904,-0.007338
2021-06-02,-0.009099,-0.006522
2021-06-03,0.003098,0.003039
2021-06-04,-0.00132,0.006284
2021-06-07,0.010725,-0.005801
2021-06-08,-0.000696,0.008281
2021-06-09,-0.002481,-0.010071
2021-06-10,-0.001364,-0.008462
2021-06-11,-0.006613,-0.005136
2021-06-14,-0.007027,-0.000325
2021-06-15,0.00888,0.004857
2021-06-16,-0.000411,0.001706
2021-06-17,0.002803,0.007959
2021-06-18,0.007302,-0.003053
2021-06-21,-0.005637,-0.002695
2021-06-22,0.010404,-0.005513
2021-06-23,0.010059,-0.001344
2021-06-24,0.016499,-0.004745
2021-06-25,-0.002757,0.016486
2021-06-28,0.00015,0.001854
2021-06-29,-0.002617,-0.004114
2021-06-30,0.006205,0.012361
2021-07-01,-0.014587,0.000186
2021-07-02,-0.000468,-0.001566
2021-07-05,-0.002616,-0.018591
2021-07-06,-0.007902,-0.005517
2021-07-07,-0.000577,-0.007059
2021-07-08,0.001156,0.018827
2021-07-09,0.004093,-0.008821
2021-07-12,0.003387,0.007887
2021-07-13,0.001275,-0.00051
2021-07-14,-0.003907,-0.005459
2021-07-15,-0.002652,0.003424
2021-07-16,0.002227,0.00169
2021-07-19,-0.001259,0.005276
2021-07-20,-0.004405,0.000626
2021-07-21,-0.00028,0.000192
2021-07-22,0.001405,-0.009917
2021-07-23,-0.008412,0.001005
2021-07-26,0.001896,-0.002422
2021-07-27,0.004108,-0.00387
2021-07-28,-0.001834,-0.003859
2021-07-29,-0.00587,-0.008184
2021-07-30,0.001743,0.000472
2021-08-02,0.001952,0.002104
2021-08-03,0.011616,-0.009231
2021-08-04,0.013741,-0.00741
2021-08-05,-0.004806,0.003213
2021-08-06,0.001817,-0.001399
2021-08-09,0.001856,-0.001757
2021-08-10,0.003879,0.003107
2021-08-11,0.002814,0.010184
2021-08-12,0.001979,-0.00308
2021-08-13,0.003045,0.013234
2021-08-16,0.002308,-0.021513
2021-08-17,-0.000422,-0.003777
2021-08-18,-0.011669,-0.003712
2021-08-19,-0.000173,0.003207
2021-08-20,0.000101,-0.004372
2021-08-23,0.001726,0.002373
2021-08-24,0.004016,0.009353
2021-08-25,-0.006111,0.004179
2021-08-26,0.004018,-0.00135
2021-08-27,0.002211,0.000955
2021-08-30,-0.007392,-0.002315
2021-08-31,0.004886,0.000287
2021-09-01,-0.005022,0.010731
2021-09-02,0.002207,-0.002007
2021-09-03,0.013831,0.010984
2021-09-06,-0.001694,0.013026
2021-09-07,0.00033,-0.006332
2021-09-08,0.00076,0.000858
2021-09-09,-0.006837,0.02251
2021-09-10,0.003782,-0.007533
2021-09-13,0.002886,-0.000714
2021-09-14,0.00323,0.004042
2021-09-15,-0.000876,-0.001652
2021-09-16,-0.002314,0.010411
2021-09-17,0.00211,-0.000869
2021-09-20,-0.010288,-0.000511
2021-09-21,-6.2e-05,0.001419
2021-09-22,0.018586,0.000937
2021-09-23,-0.00278,-0.010531
2021-09-24,0.01739,-0.006745
2021-09-27,-0.001794,0.011492
2021-09-28,0.006838,0.002398
2021-09-29,0.003534,0.010479
2021-09-30,-0.001513,0.002061
2021-10-01,-0.00205,-0.00532
2021-10-04,0.00047,-0.011871
2021-10-05,-0.005503,-0.005958
2021-10-06,-0.00678,0.020557
2021-10-07,0.000643,0.002851
2021-10-08,-0.004734,-0.010508
2021-10-11,0.001957,0.003228
2021-10-12,-0.011657,0.001475
2021-10-13,-0.003327,-0.00524
2021-10-14,0.008371,-0.015071
2021-10-15,-0.017864,-0.018296
2021-10-18,-0.001238,-0.014435
2021-10-19,0.004222,-0.007127
2021-10-20,0.007112,0.006455
2021-10-21,-0.007903,-0.005404
2021-10-22,-0.003677,-0.003529
2021-10-25,2e-05,-0.01089
2021-10-26,-0.000554,0.01066
2021-10-27,-0.00673,0.003802
2021-10-28,0.018593,0.013021
2021-10-29,0.00707,-0.008554
2021-11-01,0.004906,0.002203
2021-11-02,0.002965,-0.004833
2021-11-03,0.00206,0.004493
2021-11-04,-0.000344,-0.004
2021-11-05,0.006558,0.007384
2021-11-08,0.002675,-0.00382
2021-11-09,0.004498,0.008102
2021-11-10,0.006304,-0.000791
2021-11-11,0.007191,0.009105
2021-11-12,0.002753,-0.003066
2021-11-15,-0.00192,-0.000217
2021-11-16,-0.007528,-0.001331
2021-11-17,0.005548,-0.002344
2021-11-18,0.000268,0.001496
2021-11-19,-0.003444,0.002731
2021-11-22,0.00219,0.013413
2021-11-23,-0.004507,0.012877
2021-11-24,0.000112,0.016163
2021-11-25,-0.005259,-0.017089
2021-11-26,0.002131,0.006098
2021-11-29,0.00076,0.004994
2021-11-30,-0.002922,-0.004683
2021-12-01,0.005527,-0.009338
2021-12-02,-0.007208,0.003902
2021-12-03,-0.002681,-0.005526
2021-12-06,-0.016661,-0.009592
2021-12-07,0.005107,-0.002334
2021-12-08,0.002445,0.002339
2021-12-09,-0.005415,0.010702
2021-12-10,-0.002561,-0.001234
2021-12-13,-0.00108,0.005508
2021-12-14,-0.011002,0.004749
2021-12-15,-0.003363,0.014701
2021-12-16,0.00391,-0.010378
2021-12-17,0.006337,0.003993
2021-12-20,7.6e-05,-0.008888
2021-12-21,0.010028,-0.006837
2021-12-22,0.001538,-0.003404
2021-12-23,0.000605,-0.016626
2021-12-24,-0.001772,-0.003083
2021-12-27,-0.008813,-0.00389
2021-12-28,0.007713,0.002182
2021-12-29,-0.010148,-0.002003
2021-12-30,0.004649,0.002372
2021-12-31,-0.001244,0.012351
2022-01-03,-0.003122,-0.004012
2022-01-04,-0.003801,0.015446
2022-01-05,0.002612,0.001503
2022-01-06,0.004296,-0.00265
2022-01-07,0.002063,-0.015217
2022-01-10,0.01598,-0.022512
2022-01-11,-0.006657,-0.010632
2022-01-12,0.00879,-0.013724
2022-01-13,0.013241,0.019433
2022-01-14,-0.00143,-0.012374
2022-01-17,-0.0016,-0.00101
2022-01-18,-0.010507,-0.006561
2022-01-19,-0.004916,0.004844
2022-01-20,-0.004794,0.013128
2022-01-21,-0.000958,0.008018
2022-01-24,0.006601,-0.031334
2022-01-25,-0.001789,-0.00747
2022-01-26,0.009791,-0.003347
2022-01-27,-0.003015,-0.005744
2022-01-28,-0.003205,0.007197
2022-01-31,0.003033,-0.001645
2022-02-01,0.016603,0.002102
2022-02-02,0.005082,0.002952
2022-02-03,0.00052,0.000952
2022-02-04,0.001361,0.009198
2022-02-07,-0.001459,-0.003516
2022-02-08,-0.00859,-0.003126
2022-02-09,-0.003526,-0.004049
2022-02-10,0.007698,-0.000716
2022-02-11,0.000255,-0.00012
2022-02-14,0.000982,0.008478
2022-02-15,-0.005915,-0.011548
2022-02-16,0.003537,0.002137
2022-02-17,-0.003047,-0.00712
2022-02-18,0.004175,0.006712
2022-02-21,0.002797,0.004325
2022-02-22,-0.004402,0.008586
2022-02-23,-0.001137,0.019601
2022-02-24,-0.000889,0.005167
2022-02-25,-0.000333,-0.016851
2022-02-28,0.003902,-0.002926
2022-03-01,-0.005686,0.007331
2022-03-02,0.002133,0.002364
2022-03-03,0.001186,0.001716
2022-03-04,0.002638,-0.00046
2022-03-07,0.001867,0.004893
2022-03-08,0.001559,0.006929
2022-03-09,-0.002319,-0.001372
2022-03-10,-0.003085,-0.007016
2022-03-11,-0.00109,-0.013142
2022-03-14,0.009447,-0.006277
2022-03-15,0.000426,-0.017219
2022-03-16,-0.000193,-0.00454
2022-03-17,0.008779,0.004223
2022-03-18,0.016638,-0.001597
2022-03-21,0.004747,-0.000862
2022-03-22,-0.002164,9.1e-05
2022-03-23,0.000591,-0.001363
2022-03-24,0.007979,-0.003212
2022-03-25,-0.001503,0.032898
2022-03-28,0.002934,0.006086
2022-03-29,0.004521,0.012844
2022-03-30,0.001076,0.002138
2022-03-31,-0.004726,0.001249
2022-04-01,-0.01423,1.4e-05
2022-04-04,0.00086,0.000795
2022-04-05,0.008962,0.009316
2022-04-06,-0.00695,0.011237
2022-04-07,-0.005428,-0.001114
2022-04-08,0.000376,-0.046713
2022-04-11,-0.000755,0.000243
2022-04-12,0.001955,-0.008952
2022-04-13,-0.003393,-0.00248
2022-04-14,-0.002007,0.012482
2022-04-15,0.005457,0.011587
2022-04-18,0.000822,0.004499
2022-04-19,-0.013767,0.00547
2022-04-20,-0.005805,0.00127
2022-04-21,0.003092,0.008002
2022-04-22,0.003157,-0.000866
2022-04-25,-0.001473,0.010076
2022-04-26,-0.005369,0.001713
2022-04-27,-0.007245,0.003587
2022-04-28,-0.008255,0.002211
2022-04-29,0.015581,0.003831
2022-05-02,0.000339,-0.004675
2022-05-03,0.002666,-0.005529
2022-05-04,0.005457,0.00146
2022-05-05,0.002254,-0.001813
2022-05-06,-0.002438,0.002405
2022-05-09,0.007419,0.006099
2022-05-10,0.004557,0.001666
2022-05-11,-0.000576,-0.012481
2022-05-12,0.005978,0.011512
2022-05-13,0.00288,-6.5e-05
2022-05-16,0.009491,0.004369
2022-05-17,0.005599,0.008981
2022-05-18,-0.007393,0.014996
2022-05-19,0.004464,0.005764
2022-05-20,0.003956,-0.010294
2022-05-23,-0.021567,-0.001984
2022-05-24,0.006877,-0.006856
2022-05-25,-0.004178,-0.002827
2022-05-26,-0.003609,-0.004647
2022-05-27,-0.002577,-0.006875
2022-05-30,-0.004906,0.001131
2022-05-31,-0.002389,-0.001975
2022-06-01,-0.000803,-0.002475
2022-06-02,0.005103,-0.017609
2022-06-03,0.001063,0.003494
2022-06-06,-0.000705,-0.007336
2022-06-07,0.011177,-0.003193
2022-06-08,0.013752,-0.000947
2022-06-09,0.002541,0.010691
2022-06-10,0.010605,0.013419
2022-06-13,-0.0015,0.00123
2022-06-14,-0.002027,-0.017521
2022-06-15,0.00517,0.009088
2022-06-16,-0.002302,-0.00045
2022-06-17,0.012938,-0.00815
2022-06-20,0.003738,-0.000602
2022-06-21,0.007253,-0.001329
2022-06-22,0.006869,-0.009102
2022-06-23,-0.002028,-0.00485
2022-06-24,-0.003185,6e-06
2022-06-27,-0.002448,-0.000111
2022-06-28,0.00522,0.011898
2022-06-29,0.000204,0.014089
2022-06-30,0.000133,-0.015474
2022-07-01,0.005757,-0.036593
2022-07-04,0.006216,0.014334
2022-07-05,0.005632,0.001334
2022-07-06,-0.008789,-0.012466
2022-07-07,-0.002106,-0.002633
2022-07-08,0.000152,0.004643
2022-07-11,0.004207,-0.011017
2022-07-12,-0.001556,0.000215
2022-07-13,-0.005513,0.004075
2022-07-14,0.002935,-0.009051
2022-07-15,0.000662,-0.015674
2022-07-18,-0.01324,0.009422
2022-07-19,0.005437,-0.015153
2022-07-20,0.004182,-0.01444
2022-07-21,0.006309,-0.008683
2022-07-22,0.001089,0.001265
2022-07-25,-0.002703,-0.002287
2022-07-26,0.002077,0.012253
2022-07-27,0.011519,0.011251
2022-07-28,0.000383,-0.00223
2022-07-29,-0.001667,-0.008791
2022-08-01,0.008867,-0.002009
2022-08-02,-0.008397,0.001633
2022-08-03,0.005639,-0.022465
2022-08-04,0.00532,-0.002358
2022-08-05,-0.017086,-0.001199
2022-08-08,-0.000732,-0.036348
2022-08-09,0.007566,0.004783
2022-08-10,-0.003109,0.018467
2022-08-11,-0.01148,-0.007853
2022-08-12,-0.001524,-0.001721
2022-08-15,0.005984,-0.005172
2022-08-16,0.001377,0.004018
2022-08-17,-0.008376,0.005588
2022-08-18,-0.005861,0.000946
2022-08-19,0.001225,0.005199
2022-08-22,0.001947,-0.007084
2022-08-23,0.010794,0.007422
2022-08-24,-0.005362,-0.00933
2022-08-25,0.002972,-0.003112
2022-08-26,-0.009742,-0.005612
2022-08-29,-0.001535,-0.00199
2022-08-30,-0.003864,0.00265
2022-08-31,-0.000425,-0.005001
2022-09-01,0.000708,0.006143
2022-09-02,-0.01162,-0.00361
2022-09-05,-0.001758,-0.010036
2022-09-06,0.003185,-0.002009
2022-09-07,0.000207,0.004336
2022-09-08,4.8e-05,-0.02334
2022-09-09,0.003169,0.004218
2022-09-12,0.000501,-0.002655
2022-09-13,0.008853,-0.000492
2022-09-14,-0.002952,0.002643
2022-09-15,0.006409,0.002229
2022-09-16,-0.005586,0.005444
2022-09-19,0.000536,-0.0057
2022-09-20,-0.003151,-0.004142
2022-09-21,0.003283,0.002777
2022-09-22,-0.005319,-0.001636
2022-09-23,0.002138,-0.00708
2022-09-26,-0.016361,0.005654
2022-09-27,-0.000882,-0.011916
2022-09-28,0.001351,0.011227
2022-09-29,-0.003219,-0.008133
2022-09-30,0.003171,-0.003521
2022-10-03,0.001186,-0.027583
2022-10-04,-6.1e-05,-0.003736
2022-10-05,0.004027,-0.005768
2022-10-06,-0.002158,0.000168
2022-10-07,-0.002558,-0.003325
2022-10-10,0.007234,0.007992
2022-10-11,-0.012131,0.002172
2022-10-12,0.005772,-0.003445
2022-10-13,-0.005535,-0.016875
2022-10-14,0.001042,0.010828
2022-10-17,-0.000217,-0.012747
2022-10-18,0.016308,0.004384
2022-10-19,0.002586,0.00129
2022-10-20,0.007243,-0.00516
2022-10-21,-0.005402,0.003407
2022-10-24,0.006147,0.004228
2022-10-25,0.001922,-0.0126
2022-10-26,-0.00559,-0.01011
2022-10-27,-0.002204,-0.001694
2022-10-28,-0.008665,-0.004298
2022-10-31,0.001814,0.011368
2022-11-01,-0.003749,0.003089
2022-11-02,-0.001504,0.007044
2022-11-03,-0.001004,0.011791
2022-11-04,0.003235,0.003072
2022-11-07,0.005163,0.001369
2022-11-08,-0.002952,-0.005063
2022-11-09,-0.000787,0.005384
2022-11-10,0.001068,-0.00348
2022-11-11,0.00252,-0.012373
2022-11-14,-0.002864,-0.000871
2022-11-15,-0.001272,-0.005598
2022-11-16,-0.000919,-0.001958
2022-11-17,-0.003228,-0.006079
2022-11-18,0.003985,0.006815
2022-11-21,0.002606,0.000587
2022-11-22,-0.00419,0.00593
2022-11-23,0.011221,0.000145
2022-11-24,0.010869,0.010319
2022-11-25,0.000367,-0.006144
2022-11-28,-0.005867,-0.006423
2022-11-29,-0.001492,0.00365
2022-11-30,0.005459,0.00256
2022-12-01,0.005637,-0.003753
2022-12-02,0.005454,0.00434
2022-12-05,-0.004799,0.000747
2022-12-06,0.002173,-0.005224
2022-12-07,0.003614,0.019005
2022-12-08,0.005558,0.005932
2022-12-09,0.004495,-0.008425
2022-12-12,-0.005233,0.009268
2022-12-13,-0.005093,0.008175
2022-12-14,-0.000879,-0.003965
2022-12-15,-0.001009,-0.011282
2022-12-16,0.00165,-0.006513
2022-12-19,-0.007808,-0.005577
2022-12-20,0.007901,-0.002567
2022-12-21,0.001222,0.0045
2022-12-22,-0.001953,-0.010664
2022-12-23,0.012788,-0.002972
2022-12-26,0.000107,0.007681
2022-12-27,-0.004769,-0.007848
2022-12-28,-0.000726,-0.008675
2022-12-29,-0.010417,0.001245
2022-12-30,0.001803,0.004468
2023-01-02,0.007538,0.004263
2023-01-03,-0.001826,-0.006424
2023-01-04,-0.003891,0.025192
2023-01-05,0.003182,-0.011014
2023-01-06,0.005242,-0.016708
2023-01-09,0.001572,-3.8e-05
2023-01-10,0.017414,0.001503
2023-01-11,0.001769,0.005911
2023-01-12,0.004544,-0.001343
2023-01-13,-0.00367,0.007277
2023-01-16,0.004113,0.014372
2023-01-17,-0.005253,0.00306
2023-01-18,0.003408,0.029453
2023-01-19,0.005053,0.008087
2023-01-20,0.011071,-0.010666
2023-01-23,0.000728,0.004094
2023-01-24,-0.006884,-0.004235
2023-01-25,0.001159,0.006166
2023-01-26,0.00953,0.000357
2023-01-27,-0.001519,0.005823
2023-01-30,-0.001133,-0.00271
2023-01-31,0.005128,-0.00135
2023-02-01,-0.003808,0.0246
2023-02-02,-0.005886,-0.005772
2023-02-03,-0.007851,0.003516
2023-02-06,0.004674,0.020695
2023-02-07,0.010043,-0.015525
2023-02-08,0.003348,-0.000669
2023-02-09,0.003299,-0.003937
2023-02-10,0.001041,-0.010575
2023-02-13,-0.002407,-0.000791
2023-02-14,0.003516,-0.001165
2023-02-15,0.00971,0.001659
2023-02-16,0.00473,-0.002828
2023-02-17,4.1e-05,0.007446
2023-02-20,0.00644,0.012273
2023-02-21,-0.011341,-0.011074
2023-02-22,-0.016671,0.011904
2023-02-23,-0.000761,-0.011831
2023-02-24,-0.013129,0.003856
2023-02-27,0.007807,0.014153
2023-02-28,-0.011174,0.010407
2023-03-01,-0.000674,-0.010638
2023-03-02,0.001907,-0.001032
2023-03-03,0.000457,-0.013444
2023-03-06,0.007612,0.000382
2023-03-07,-0.010543,0.007686
2023-03-08,0.006071,-0.001051
2023-03-09,-0.005156,-0.008996
2023-03-10,-0.003088,0.00108
2023-03-13,-0.004425,-0.001983
2023-03-14,-0.002157,-0.002094
2023-03-15,0.002879,0.006926
2023-03-16,0.004542,-0.015352
2023-03-17,0.002458,-0.006228
2023-03-20,-0.007185,0.009301
2023-03-21,-0.003357,-0.004029
2023-03-22,0.001817,0.018659
2023-03-23,0.001454,-0.015311
2023-03-24,0.004287,0.001513
2023-03-27,-0.002168,-0.001565
2023-03-28,-0.002759,0.008316
2023-03-29,0.002279,0.000473
2023-03-30,0.007341,0.005745
2023-03-31,0.006544,-0.00172
2023-04-03,-0.003053,0.001247
2023-04-04,0.005636,-0.010657
2023-04-05,0.0038,-0.004928
2023-04-06,-0.00093,0.002317
2023-04-07,0.002404,-0.00256
2023-04-10,-0.016467,0.000868
2023-04-11,-0.001641,0.003127
2023-04-12,-0.004113,-0.002854
2023-04-13,-0.010538,0.00698
2023-04-14,-0.001956,-0.002202
2023-04-17,-0.002494,-0.002643
2023-04-18,0.000188,-0.010845
2023-04-19,0.006715,0.001006
2023-04-20,0.004546,0.003526
2023-04-21,-0.00069,0.012929
2023-04-24,-0.003556,0.01687
2023-04-25,-0.002684,-0.000721
2023-04-26,-0.000888,-0.00738
2023-04-27,0.005953,-0.005697
2023-04-28,0.010796,-0.006924
2023-05-01,-0.004351,-0.006152
2023-05-02,0.002969,-0.006302
2023-05-03,-0.001651,-0.007712
2023-05-04,0.007505,-0.007479
2023-05-05,0.005086,-0.001326
2023-05-08,-0.01332,0.012362
2023-05-09,-0.00202,0.006838
2023-05-10,0.000611,-0.008574
2023-05-11,-0.014376,-0.002241
2023-05-12,-0.009589,-0.002477
2023-05-15,0.007527,0.016415
2023-05-16,-0.00108,0.005655
2023-05-17,-0.001536,0.011914
2023-05-18,0.005921,0.00314
2023-05-19,-0.00366,-0.001288
2023-05-22,0.000752,0.007721
2023-05-23,0.005422,-0.011935
2023-05-24,0.014403,0.003149
2023-05-25,-0.004067,-0.000256
2023-05-26,-0.006408,0.006815
2023-05-29,0.008214,-0.005558
2023-05-30,-0.004326,-0.003544
2023-05-31,-0.008745,-0.019172
2023-06-01,0.007135,-0.003823
2023-06-02,-0.000706,0.002351
2023-06-05,-0.002214,0.000174
2023-06-06,0.006786,0.00088
2023-06-07,0.007753,0.009419
2023-06-08,0.010566,0.001905
2023-06-09,-0.000407,0.004085
2023-06-12,0.01026,-0.012711
2023-06-13,0.017999,-0.002898
2023-06-14,-0.000203,-0.002492
2023-06-15,0.000129,-0.006427
2023-06-16,0.002956,0.000501
2023-06-19,0.004763,-0.013113
2023-06-20,-0.000132,0.004028
2023-06-21,0.001288,-0.001456
2023-06-22,-0.004915,-0.000998
2023-06-23,-0.002355,0.012986
2023-06-26,-0.005455,0.020506
2023-06-27,-0.007489,0.0009
2023-06-28,-0.00321,0.010941
2023-06-29,-0.004136,0.006121
2023-06-30,0.002583,-0.006877
2023-07-03,-0.000692,0.036031
2023-07-04,0.000742,0.007105
2023-07-05,-0.003924,-0.000978
2023-07-06,-0.008781,0.011054
2023-07-07,0.002027,-0.006275
2023-07-10,0.002063,-0.002761
2023-07-11,0.003116,-9.3e-05
2023-07-12,0.002181,-0.006551
2023-07-13,0.008733,0.002501
2023-07-14,-0.002963,-0.002346
2023-07-17,0.013976,-0.007728
2023-07-18,0.000613,0.001892
2023-07-19,0.008121,-0.004838
2023-07-20,-0.003667,0.002528
2023-07-21,-0.011426,-0.021004
2023-07-24,0.010858,0.005465
2023-07-25,-0.004563,0.00406
2023-07-26,0.001636,0.003561
2023-07-27,-0.001593,-0.007293
2023-07-28,-0.003928,0.011881
2023-07-31,0.002296,0.00059
2023-08-01,0.001168,-0.002697
2023-08-02,0.005877,8e-06
2023-08-03,0.007499,-0.022522
2023-08-04,-0.003241,0.000358
2023-08-07,-0.005417,0.00356
2023-08-08,-7e-06,-0.009414
2023-08-09,0.002431,0.002567
2023-08-10,0.003243,2.4e-05
2023-08-11,-0.011914,0.003326
2023-08-14,0.017751,0.004186
2023-08-15,0.00403,0.001525
2023-08-16,3e-06,-0.007109
2023-08-17,-0.002549,-0.004484
2023-08-18,-0.009887,-0.002187
2023-08-21,-0.000188,-0.006207
2023-08-22,-0.006378,-0.000857
2023-08-23,0.018462,-0.001951
2023-08-24,0.005348,0.00049
2023-08-25,-0.003418,-0.00304
2023-08-28,0.001247,-0.004104
2023-08-29,-0.002367,-0.006992
2023-08-30,0.004148,0.007872
2023-08-31,0.000814,-0.015062
2023-09-01,-0.000169,0.001313
2023-09-04,-0.005,-0.007487
2023-09-05,-0.002899,0.005748
2023-09-06,0.011803,-0.011222
2023-09-07,0.020985,-0.008479
2023-09-08,0.004205,0.025081
2023-09-11,0.006855,0.000525
2023-09-12,0.003506,0.013782
2023-09-13,-0.001819,-0.003852
2023-09-14,-0.003191,-0.0043
2023-09-15,0.004879,0.000497
2023-09-18,-0.003595,-0.013075
2023-09-19,0.000656,0.009763
2023-09-20,-0.00012,-0.002752
2023-09-21,0.008601,0.002976
2023-09-22,0.006158,-0.012386
2023-09-25,-0.00556,0.009433
2023-09-26,0.000282,-0.007828
2023-09-27,-0.005575,-0.004951
2023-09-28,0.003898,-0.005959
2023-09-29,-0.002869,-0.000503
2023-10-02,0.004779,0.011217
2023-10-03,0.006578,-0.01055
2023-10-04,0.000672,-0.011495
2023-10-05,-0.005679,-0.004821
2023-10-06,-0.003548,0.010845
2023-10-09,0.004298,0.003876
2023-10-10,0.004798,-0.000467
2023-10-11,4.7e-05,-0.007653
2023-10-12,-0.003335,-0.011387
2023-10-13,0.006752,-0.00017
2023-10-16,-0.000115,-0.010462
2023-10-17,0.003158,-0.006243
2023-10-18,5.9e-05,0.013852
2023-10-19,-0.013986,0.00629
2023-10-20,0.011351,0.018279
2023-10-23,-0.010064,-0.005441
2023-10-24,-0.000531,0.002564
2023-10-25,0.000998,0.00512
2023-10-26,-0.00089,-0.002151
2023-10-27,0.005185,-0.002945
2023-10-30,-0.005113,0.00478
2023-10-31,0.002005,-0.006055
2023-11-01,0.005284,0.000957
2023-11-02,-0.000855,0.005402
2023-11-03,-0.003032,-0.011922
2023-11-06,0.001894,0.002373
2023-11-07,0.00395,0.004505
2023-11-08,0.000451,-0.001772
2023-11-09,0.000859,-0.000453
2023-11-10,0.020701,0.008342
2023-11-13,0.001932,0.002537
2023-11-14,-0.001431,0.016801
2023-11-15,0.000304,-0.019661
2023-11-16,0.00247,-0.001639
2023-11-17,-0.003745,0.002996
2023-11-20,0.004479,0.005784
2023-11-21,-0.004061,0.001023
2023-11-22,0.015414,-0.006578
2023-11-23,-0.000288,-0.015095
2023-11-24,0.003221,0.006202
2023-11-27,0.000908,0.013752
2023-11-28,0.002042,0.034041
2023-11-29,-0.007864,-0.000351
2023-11-30,-0.002515,-0.007456
2023-12-01,-0.000793,0.004952
2023-12-04,0.001215,0.000767
2023-12-05,-0.022424,-0.011645
2023-12-06,0.003695,-0.000906
2023-12-07,-0.003388,0.00515
2023-12-08,0.003522,0.015286
2023-12-11,-0.002267,0.004175
2023-12-12,0.00201,0.001442
2023-12-13,0.002029,0.000373
2023-12-14,0.001129,0.000314
2023-12-15,0.003523,-0.002098
2023-12-18,-0.000807,-0.005244
2023-12-19,0.002342,0.007638
2023-12-20,4.1e-05,0.005394
2023-12-21,0.003741,0.00518
2023-12-22,0.02916,-0.001016
2023-12-25,-0.003586,0.004406
2023-12-26,-0.00841,0.001282
2023-12-27,-0.001151,-0.007263
2023-12-28,-0.001078,-0.016856
2023-12-29,0.001058,0.007
2024-01-01,-0.00031,-0.000185
2024-01-02,0.006986,-0.002493
2024-01-03,-0.001183,0.026212
2024-01-04,0.004751,0.00319
2024-01-05,0.007343,0.005637
2024-01-08,0.001862,0.00924
2024-01-09,0.007677,0.001963
2024-01-10,-0.00108,-0.005871
2024-01-11,0.001232,0.007416
2024-01-12,-0.007913,0.005159
2024-01-15,-0.000352,-0.001956
2024-01-16,-0.000124,0.002567
2024-01-17,0.001629,-0.01226
2024-01-18,-0.007425,0.003743
2024-01-19,-0.006402,-0.002793
2024-01-22,0.00448,0.009642
2024-01-23,-0.014393,-0.007063
2024-01-24,0.006834,0.00628
2024-01-25,0.008921,-0.001615
2024-01-26,0.003799,-0.01194
2024-01-29,0.003869,-0.006475
2024-01-30,-0.002609,0.00239
2024-01-31,0.001032,0.013321
2024-02-01,0.005757,-0.003452
2024-02-02,-0.005107,-0.004457
2024-02-05,-0.000708,-0.011539
2024-02-06,0.005083,0.010717
2024-02-07,0.00258,2.1e-05
2024-02-08,0.005153,-0.001176
2024-02-09,0.001691,-0.001309
2024-02-12,0.019191,0.009701
2024-02-13,-0.001648,0.001281
2024-02-14,0.005942,0.001446
2024-02-15,-0.0074,0.001557
2024-02-16,-0.003774,0.008834
2024-02-19,0.004517,-0.008042
2024-02-20,0.002816,-0.001235
2024-02-21,-0.001919,0.00269
2024-02-22,0.001806,0.000541
2024-02-23,-0.008278,0.004955
2024-02-26,-0.003531,-0.002179
2024-02-27,0.002698,-0.014734
2024-02-28,-0.001768,-0.005887
2024-02-29,-0.011215,0.015117
2024-03-01,0.009707,0.010088
2024-03-04,0.004156,0.003684
2024-03-05,0.023302,-0.00177
2024-03-06,-0.002302,0.003493
2024-03-07,-0.002627,0.000802
2024-03-08,0.002744,0.000569
2024-03-11,0.009157,-0.00017
2024-03-12,0.001696,0.027114
2024-03-13,0.010573,0.000118
2024-03-14,0.003882,0.001864
2024-03-15,4e-05,-0.000498
2024-03-18,-0.002729,-0.003881
2024-03-19,0.008997,0.01692
2024-03-20,0.019949,0.004603
2024-03-21,-0.003307,-0.007866
2024-03-22,0.010298,0.007478
2024-03-25,-0.004705,-0.016731
2024-03-26,-0.003005,-0.009985
2024-03-27,-0.002531,-0.004165
2024-03-28,-0.007162,-0.006945
2024-03-29,0.009288,0.002231
2024-04-01,-0.00658,0.006609
2024-04-02,-0.001634,0.004771
2024-04-03,0.000298,-0.006034
2024-04-04,0.006,0.009857
2024-04-05,-0.000406,0.003474
2024-04-08,0.005039,-0.006701
2024-04-09,0.002715,0.002339
2024-04-10,0.007692,-0.003401
2024-04-11,-0.002654,-0.00548
2024-04-12,-0.009378,-0.009881
2024-04-15,0.004274,-0.010352
2024-04-16,-0.002345,-0.003577
2024-04-17,-0.002347,0.003161
2024-04-18,-0.008425,0.010759
2024-04-19,0.012021,-0.001601
2024-04-22,-0.015161,-0.012
2024-04-23,-0.003232,-0.005251
2024-04-24,-0.003111,-0.008239
2024-04-25,0.008238,-0.006483
2024-04-26,0.010381,-0.00062
2024-04-29,0.00313,0.008929
2024-04-30,4.2e-05,-0.003488
2024-05-01,-0.002878,0.006932
2024-05-02,0.007032,-0.001122
2024-05-03,0.003163,-0.003157
2024-05-06,0.003232,0.00319
2024-05-07,0.007809,0.01059
2024-05-08,-0.002498,0.001953
2024-05-09,-0.005547,0.002158
2024-05-10,-0.002566,-0.004481
2024-05-13,0.00365,-0.007377
2024-05-14,-0.015169,0.000357
2024-05-15,-0.002143,-0.010809
2024-05-16,-0.003562,-0.004758
2024-05-17,0.012833,-0.006512
2024-05-20,0.0063,-0.008617
2024-05-21,-0.010478,0.005639
2024-05-22,0.006331,0.003065
2024-05-23,-0.008569,0.007302
2024-05-24,3.9e-05,-0.011726
2024-05-27,-0.00781,0.004876
2024-05-28,-0.006748,0.007919
2024-05-29,-0.008939,-0.001144
2024-05-30,0.001174,0.008596
2024-05-31,0.008755,-0.006246
2024-06-03,0.002849,-0.004779
2024-06-04,-0.004499,0.008791
2024-06-05,-0.005001,0.000916
2024-06-06,-0.001182,-0.00302
2024-06-07,-0.001712,0.00282
2024-06-10,-0.005671,0.002306
2024-06-11,-0.000984,-0.0077
2024-06-12,0.003507,-0.007579
2024-06-13,-0.001887,0.001653
2024-06-14,0.007214,-0.001346
2024-06-17,-0.005106,0.002859
2024-06-18,-0.000271,-0.004473
2024-06-19,0.003401,-0.007261
2024-06-20,-0.001796,-0.002685
2024-06-21,0.004767,0.000663
2024-06-24,-0.006052,0.004477
2024-06-25,0.013401,0.014181
2024-06-26,-0.00078,0.010199
2024-06-27,-0.00641,0.00616
2024-06-28,0.000992,0.014995
2024-07-01,0.001185,0.008683
2024-07-02,0.0099,0.011076
2024-07-03,-0.000367,0.001976
2024-07-04,-0.008265,-0.003896
2024-07-05,-0.002802,-0.001285
2024-07-08,-0.003524,-0.01572
2024-07-09,-0.007666,0.005472
2024-07-10,0.001678,0.005886
2024-07-11,-0.000196,0.002988
2024-07-12,-0.001576,-0.007447
2024-07-15,0.008565,0.003991
2024-07-16,-0.002222,-0.001296
2024-07-17,0.002025,-0.006125
2024-07-18,-0.00576,0.000676
2024-07-19,-0.001097,0.01804
2024-07-22,-0.010191,-0.004499
2024-07-23,-0.000617,0.001002
2024-07-24,-0.001961,0.00401
2024-07-25,-0.00203,0.006519
2024-07-26,0.000276,0.0126
2024-07-29,0.006663,-0.009656
2024-07-30,-0.000432,0.004153
2024-07-31,-0.008239,-0.022525
2024-08-01,0.000878,0.004229
2024-08-02,-0.007513,0.012834
2024-08-05,-0.003467,-0.009031
2024-08-06,0.004067,-0.001116
2024-08-07,0.003975,0.021523
2024-08-08,0.005615,-0.005697
2024-08-09,1.4e-05,0.004203
2024-08-12,-0.008125,-0.004507
2024-08-13,-0.001257,-0.003039
2024-08-14,-0.00432,0.016918
2024-08-15,-0.003943,-0.001873
2024-08-16,-0.003556,-0.007069
2024-08-19,-0.001163,-0.012156
2024-08-20,0.001025,0.001284
2024-08-21,-0.001054,-0.011062
2024-08-22,-0.000885,0.005035
2024-08-23,-0.011013,-0.011503
2024-08-26,-0.006114,0.003083
2024-08-27,-0.004364,-0.010879
2024-08-28,0.00154,0.000301
2024-08-29,0.005471,0.00181
2024-08-30,0.001765,-0.009107
2024-09-02,0.010351,-0.002784
2024-09-03,0.002084,-0.004796
2024-09-04,-0.008789,0.011265
2024-09-05,0.000471,0.017486
2024-09-06,0.004374,-0.023696
2024-09-09,0.00047,-0.00714
2024-09-10,0.001748,-0.005168
2024-09-11,0.001896,0.000133
2024-09-12,-0.000962,-0.003803
2024-09-13,0.000978,0.003558
2024-09-16,0.006959,-0.013612
2024-09-17,0.001525,-0.005233
2024-09-18,-0.004511,0.003447
2024-09-19,-0.000507,-0.004191
2024-09-20,0.000649,0.00337
2024-09-23,0.01058,0.011
2024-09-24,-0.002851,0.004848
2024-09-25,0.000915,0.011838
2024-09-26,-0.00284,0.004485
2024-09-27,-0.004717,0.006604
2024-09-30,-0.004794,0.005361
2024-10-01,0.007265,0.00678
2024-10-02,0.003207,0.000957
2024-10-03,0.003217,0.000926
2024-10-04,0.00038,-0.007792
2024-10-07,-0.003318,-0.003213
2024-10-08,0.002126,0.004112
2024-10-09,-0.005466,0.011233
2024-10-10,-0.006822,0.005334
2024-10-11,-0.001215,0.02351
2024-10-14,-0.004796,-0.006419
2024-10-15,0.001691,-6e-06
2024-10-16,0.001885,0.015082
2024-10-17,-0.007823,-0.011975
2024-10-18,0.01021,-0.007632
2024-10-21,-0.002144,0.00897
2024-10-22,-0.001318,-0.000333
2024-10-23,-0.000201,0.003812
2024-10-24,-0.005751,-0.000867
2024-10-25,-0.002709,0.006881
2024-10-28,0.003069,-0.00518
2024-10-29,-0.007521,-0.003755
2024-10-30,0.004132,0.017053
2024-10-31,-0.001935,0.001747
2024-11-01,0.001722,-0.002136
2024-11-04,0.005787,-0.00437
2024-11-05,-0.000789,-0.006689
2024-11-06,0.004115,0.002356
2024-11-07,0.001329,-0.007407
2024-11-08,0.010881,0.001944
2024-11-11,-0.001684,-0.003883
2024-11-12,0.003969,0.002484
2024-11-13,0.012377,0.005041
2024-11-14,0.004712,-0.007663
2024-11-15,0.001014,0.009412
2024-11-18,-0.002127,-0.006636
2024-11-19,-0.003422,0.006216
2024-11-20,0.000384,0.000767
2024-11-21,0.008477,0.006998
2024-11-22,0.001841,0.00421
2024-11-25,-0.000346,0.011829
2024-11-26,-0.002309,0.004064
2024-11-27,-0.004296,0.020168
2024-11-28,0.003414,0.01211
2024-11-29,-0.004059,0.008233
2024-12-02,-0.003798,-0.010157
2024-12-03,-0.006407,0.002888
2024-12-04,0.005595,-0.003228
2024-12-05,0.000467,0.000771
2024-12-06,-0.004411,-5.7e-05
2024-12-09,0.005059,-0.008072
2024-12-10,0.000467,0.005379
2024-12-11,-0.013767,0.037215
2024-12-12,-0.015592,0.007956
2024-12-13,-0.007544,0.005238
2024-12-16,0.022271,0.004364
2024-12-17,0.000732,-0.000113
2024-12-18,-0.00058,-0.011658
2024-12-19,0.001279,0.010038
2024-12-20,-0.010581,-0.003552
2024-12-23,-0.004117,0.003769
2024-12-24,-0.001977,-0.004534
2024-12-25,-0.008027,-0.001633
2024-12-26,-0.000423,-0.002007
2024-12-27,0.008349,-0.000764
2024-12-30,0.006762,0.004409
2024-12-31,0.012938,0.001544
2025-01-01,-0.003878,0.002897
2025-01-02,0.002623,-0.000315
2025-01-03,0.016698,-0.001976
2025-01-06,0.00531,0.001888
2025-01-07,-0.012142,0.001265
2025-01-08,0.003518,0.007436
2025-01-09,0.002866,-0.002313
2025-01-10,0.006698,0.011482
2025-01-13,0.000595,-0.00366
2025-01-14,-0.00679,-0.008869
2025-01-15,0.003944,-0.002503
2025-01-16,0.002809,-0.007375
2025-01-17,0.020189,-0.007033
2025-01-20,-0.000909,-0.012065
2025-01-21,0.017205,0.015545
2025-01-22,0.017443,0.01449
2025-01-23,0.004301,-0.006002
2025-01-24,-0.001941,0.013303
2025-01-27,-0.001454,0.000151
2025-01-28,0.005949,0.002275
2025-01-29,-0.002583,0.014291
2025-01-30,0.004051,-0.02635
2025-01-31,-0.002805,0.019531
2025-02-03,0.007151,0.008589
2025-02-04,0.003604,0.000856
2025-02-05,0.002749,-0.00589
2025-02-06,0.003115,0.007002
2025-02-07,-0.002469,-0.004622
2025-02-10,0.006262,0.003634
2025-02-11,-0.004026,0.01076
2025-02-12,-0.005979,-0.001446
2025-02-13,-0.00601,-0.001638
2025-02-14,-0.009611,0.001151
2025-02-17,0.004882,-0.005697
2025-02-18,-0.006518,0.001489
2025-02-19,0.006388,0.014131
2025-02-20,-0.010086,0.009661
2025-02-21,0.00175,0.006815
2025-02-24,0.010829,0.002733
2025-02-25,0.003464,0.006682
2025-02-26,0.002649,-0.009267
2025-02-27,-0.006051,0.000307
2025-02-28,0.000549,0.007222
2025-03-03,-0.006794,-0.026344
2025-03-04,0.007146,-0.007556
2025-03-05,-0.003016,0.00024
2025-03-06,-0.002381,-0.008748
2025-03-07,0.023877,-0.001408
2025-03-10,0.00022,0.007294
2025-03-11,-0.009203,-0.004712
2025-03-12,0.010905,0.001903
2025-03-13,-0.001412,-0.003654
2025-03-14,-0.001103,0.004744
2025-03-17,0.003861,0.001393
2025-03-18,-0.007583,0.000911
2025-03-19,-0.007062,0.006685
2025-03-20,-0.00091,-0.001154
2025-03-21,-0.004259,-0.016149
2025-03-24,0.004193,0.007787
2025-03-25,-0.004318,-0.0021
2025-03-26,0.003845,0.017587
2025-03-27,0.000494,0.020268
2025-03-28,-0.008949,0.006125
2025-03-31,-0.001792,-0.000503
2025-04-01,0.005118,0.036465
2025-04-02,0.005649,-0.00451
2025-04-03,-0.00919,-0.003612
2025-04-04,-0.005539,-0.008735
2025-04-07,-0.001224,-0.007536
2025-04-08,0.013186,0.002071
2025-04-09,0.00379,0.004383
2025-04-10,0.004938,0.000483
2025-04-11,0.004363,0.009987
2025-04-14,0.001532,-0.008039
2025-04-15,0.000127,0.002578
2025-04-16,-0.012797,-0.003154
2025-04-17,0.006328,0.000786
2025-04-18,0.003185,0.015557
2025-04-21,0.004221,-0.019711
2025-04-22,0.00946,-0.000436
2025-04-23,-0.002381,-0.008646
2025-04-24,-0.000151,-0.002682
2025-04-25,0.000838,0.002799
2025-04-28,0.005694,0.001035
2025-04-29,0.000949,-0.011714
2025-04-30,0.007461,-0.010976
2025-05-01,-0.014132,-0.002809
2025-05-02,0.003795,-0.005267
2025-05-05,-0.0078,0.019313
2025-05-06,0.004649,0.007695
2025-05-07,0.002386,0.013626
2025-05-08,-0.004919,-0.028781
2025-05-09,-0.002687,-0.004271
2025-05-12,-0.002816,-0.004074
2025-05-13,0.007447,0.007984
2025-05-14,0.00232,-0.010854
2025-05-15,-0.016001,0.008442
2025-05-16,0.006408,-0.005316
2025-05-19,-0.020099,0.02269
2025-05-20,0.004348,0.001884
2025-05-21,-0.010865,0.008074
2025-05-22,0.002498,-0.004008
2025-05-23,-0.003667,-0.006724
2025-05-26,0.001548,4.7e-05
2025-05-27,0.010587,-0.007713
2025-05-28,0.015233,-0.007056
2025-05-29,0.010365,-0.000601
2025-05-30,-0.010479,-0.003291
2025-06-02,0.013906,0.004244
2025-06-03,0.000519,0.009258
2025-06-04,0.000921,0.000799
2025-06-05,-0.000125,-0.009086
2025-06-06,0.003205,-0.003914
2025-06-09,0.017878,-0.013482
2025-06-10,0.006979,-0.008724
2025-06-11,-0.007649,0.001189
2025-06-12,-0.000988,0.004462
2025-06-13,-0.019589,-0.003749
2025-06-16,-0.0009,0.001259
2025-06-17,0.008254,0.010335
2025-06-18,-0.016259,0.015801
2025-06-19,-0.001585,-0.003164
2025-06-20,0.001853,0.032758
2025-06-23,-0.006118,-0.019837
2025-06-24,-0.002986,0.012537
2025-06-25,-0.00129,-0.004566
2025-06-26,-0.001436,0.005823
2025-06-27,0.003802,-0.006765
2025-06-30,-0.006791,-0.01383
2025-07-01,0.003352,0.00711
2025-07-02,-0.000713,-0.002587
2025-07-03,0.00481,-0.013566
2025-07-04,-0.000371,0.015085
2025-07-07,0.001318,-0.000693
2025-07-08,-0.004502,0.010646
2025-07-09,-0.003046,-0.001171
2025-07-10,-0.002953,0.000469
2025-07-11,0.00125,0.002753
2025-07-14,-0.000814,-0.01254
2025-07-15,0.007934,0.005362
2025-07-16,0.023433,-0.023543
2025-07-17,0.009217,-0.020014
2025-07-18,0.002946,-0.006951
2025-07-21,0.003426,-0.016745
2025-07-22,-0.005391,-0.007987
2025-07-23,0.00748,-0.004502
2025-07-24,0.001394,0.0049
2025-07-25,-0.003269,0.003153
2025-07-28,-0.003087,0.01003
2025-07-29,0.008882,0.000781
2025-07-30,-0.002947,0.00262
2025-07-31,-0.004888,-0.010381
2025-08-01,0.009546,0.007542
2025-08-04,-0.004154,0.015968
2025-08-05,0.002487,0.003586
2025-08-06,-0.000961,-0.007188
2025-08-07,0.007292,0.001025
2025-08-08,0.006993,0.006541
2025-08-11,0.006368,-0.006448
2025-08-12,-0.001793,0.001805
2025-08-13,-0.005855,-0.010891
2025-08-14,0.012162,0.013878
2025-08-15,0.009211,-0.002115
2025-08-18,0.002127,0.018381
2025-08-19,0.002133,-0.007789
2025-08-20,-0.005701,0.000922
2025-08-21,-0.004855,0.004517
2025-08-22,-0.006419,0.003914
2025-08-25,-0.005168,-0.010337
2025-08-26,0.007479,-0.006311
2025-08-27,0.003828,0.015687
2025-08-28,0.003379,8.2e-05
2025-08-29,-0.002834,0.011283
2025-09-01,-0.00393,0.003023
2025-09-02,0.004123,-0.006097
2025-09-03,-0.000135,-0.004957
2025-09-04,0.003364,-0.000777
2025-09-05,-0.006041,0.005893
2025-09-08,-0.003141,-0.000349
2025-09-09,-0.004294,0.008461
2025-09-10,-0.007898,-0.002398
2025-09-11,-0.002307,0.008003
2025-09-12,0.002576,0.002161
2025-09-15,-0.001054,-0.00087
2025-09-16,0.002537,-0.008078
2025-09-17,0.001185,0.012552
2025-09-18,-0.006289,0.006669
2025-09-19,0.005742,-0.003884
2025-09-22,0.003317,0.003964
2025-09-23,0.012406,-0.00418
2025-09-24,-0.004092,-0.002333
2025-09-25,0.003189,-0.007579
2025-09-26,0.004975,0.013267
2025-09-29,-0.005374,-0.003992
2025-09-30,-0.001538,0.00116
2025-10-01,-0.001102,0.01495
2025-10-02,0.004395,0.000943
2025-10-03,0.002147,-0.02403
2025-10-06,0.006771,0.001333
2025-10-07,0.008177,0.003893
2025-10-08,-0.00796,0.001992
2025-10-09,0.002366,0.006074
2025-10-10,0.001683,-0.001295
2025-10-13,0.001911,0.000285
2025-10-14,-0.000381,0.018195
2025-10-15,0.003439,-0.021867
2025-10-16,0.005407,-0.013173
2025-10-17,-0.006076,-0.002203
2025-10-20,0.001932,0.000458
2025-10-21,-4.6e-05,-0.009557
2025-10-22,0.014175,0.001421
2025-10-23,0.0066,-0.001292
2025-10-24,-0.004882,0.005447
2025-10-27,0.002345,0.001204
2025-10-28,0.000472,0.001582
2025-10-29,0.005082,0.002475
2025-10-30,-0.005216,-0.003902
2025-10-31,-0.011326,-0.002963
2025-11-03,-0.010941,0.008555
2025-11-04,-0.00716,-0.011691
2025-11-05,-0.005528,0.006889
2025-11-06,-0.00176,0.000379
2025-11-07,-0.002656,0.010523
2025-11-10,0.001964,-0.016771
2025-11-11,0.006189,0.010144
2025-11-12,-0.004385,-0.001175
2025-11-13,0.005562,0.02392
2025-11-14,-0.000537,-0.00323
2025-11-17,0.000651,-0.002051
2025-11-18,-0.008756,0.016725
2025-11-19,0.002419,-0.004502
2025-11-20,-0.000712,0.004735
2025-11-21,-6e-05,-0.023852
2025-11-24,-0.000222,0.010062
2025-11-25,0.005665,-0.001377
2025-11-26,-0.001768,-0.003819
2025-11-27,-0.002978,0.005322
2025-11-28,-0.0024,-0.002029
2025-12-01,0.00421,-0.003113
2025-12-02,0.000546,-0.010956
2025-12-03,0.004215,-0.002317
2025-12-04,0.00375,0.002133
2025-12-05,0.002247,0.004767
2025-12-08,0.000118,-0.004643
2025-12-09,-0.006181,0.000652
2025-12-10,0.005922,-0.001679
2025-12-11,-0.000992,0.006619
2025-12-12,0.001639,-0.013051
