Date,Brent_M3,Gasoil_M3
2016-01-01,0.006217,0.000726
2016-01-04,-0.011441,0.004163
2016-01-05,0.00341,-0.003699
2016-01-06,-0.006458,-0.021987
2016-01-07,-0.005723,0.022496
2016-01-08,0.010316,0.011803
2016-01-11,-0.010185,0.00265
2016-01-12,-0.004149,0.018585
2016-01-13,0.011276,-0.005682
2016-01-14,0.001119,0.019993
2016-01-15,-0.007153,-0.006381
2016-01-18,-0.010349,-0.00548
2016-01-19,-0.001033,-0.008412
2016-01-20,-0.004051,-0.004143
2016-01-21,-0.000988,-0.010898
2016-01-22,-4.9e-05,-0.003235
2016-01-25,0.001119,0.00921
2016-01-26,0.007516,0.009263
2016-01-27,-0.001888,0.003802
2016-01-28,0.009216,-0.006652
2016-01-29,-0.004566,-0.003458
2016-02-01,-0.007021,-0.00074
2016-02-02,0.008732,-0.037033
2016-02-03,-0.030669,0.009614
2016-02-04,0.001921,-0.009406
2016-02-05,0.0042,0.001675
2016-02-08,0.004821,0.009358
2016-02-09,0.013878,-0.014687
2016-02-10,-0.010406,-0.020335
2016-02-11,-0.005235,0.008894
2016-02-12,-0.001551,0.007881
2016-02-15,0.009865,0.009731
2016-02-16,-0.004292,0.00546
2016-02-17,-0.000776,0.003154
2016-02-18,-0.01834,-0.006284
2016-02-19,-0.004248,-0.000493
2016-02-22,-0.001196,-0.00612
2016-02-23,0.002811,-0.009147
2016-02-24,0.007097,0.005633
2016-02-25,-0.001899,-0.007973
2016-02-26,-0.000607,-0.006175
2016-02-29,0.012875,-0.006604
2016-03-01,0.003579,-0.00799
2016-03-02,-0.000261,0.000519
2016-03-03,-0.000288,0.015828
2016-03-04,0.005212,0.01024
2016-03-07,0.008292,0.0075
2016-03-08,-0.000357,-0.015848
2016-03-09,-0.004745,0.001295
2016-03-10,0.00397,-0.001941
2016-03-11,-0.02035,-0.027928
2016-03-14,0.007673,-0.004652
2016-03-15,0.001907,-0.005099
2016-03-16,-0.010768,0.003019
2016-03-17,-0.014093,0.01399
2016-03-18,0.00628,-0.013353
2016-03-21,-0.003821,0.000115
2016-03-22,-0.006052,-0.013423
2016-03-23,-0.014461,0.001801
2016-03-24,0.014002,0.016791
2016-03-25,0.000696,-0.029086
2016-03-28,-0.00894,0.003485
2016-03-29,0.009131,0.014001
2016-03-30,0.006,-0.01867
2016-03-31,0.013946,0.0047
2016-04-01,0.004687,-0.002331
2016-04-04,0.005334,0.004844
2016-04-05,0.006141,0.02677
2016-04-06,0.000927,-0.000906
2016-04-07,0.004238,0.004504
2016-04-08,-0.005845,-0.00854
2016-04-11,-0.00562,-0.012351
2016-04-12,0.005305,0.005766
2016-04-13,0.003712,0.007912
2016-04-14,0.006998,0.000155
2016-04-15,-0.001957,-0.00531
2016-04-18,0.024608,0.001147
2016-04-19,-0.004642,-0.007088
2016-04-20,0.00726,-0.01322
2016-04-21,0.007311,0.003544
2016-04-22,0.015547,0.044674
2016-04-25,0.011689,0.003659
2016-04-26,-0.005575,0.009103
2016-04-27,-0.005228,0.001346
2016-04-28,-0.013277,0.013544
2016-04-29,0.000643,0.004539
2016-05-02,0.013428,0.004877
2016-05-03,0.003922,0.004118
2016-05-04,0.003687,0.010933
2016-05-05,-0.00424,0.0027
2016-05-06,0.004735,0.013424
2016-05-09,0.00814,0.001884
2016-05-10,0.003185,-0.000343
2016-05-11,0.002294,-0.038229
2016-05-12,-0.00229,0.010137
2016-05-13,-0.00335,0.001809
2016-05-16,-0.001732,0.017099
2016-05-17,-0.004015,-0.003329
2016-05-18,-0.016206,-0.018429
2016-05-19,0.003907,0.012961
2016-05-20,-0.002087,-0.002088
2016-05-23,0.007641,0.006977
2016-05-24,0.012703,-0.005943
2016-05-25,0.001225,0.022044
2016-05-26,-0.004824,-0.004212
2016-05-27,-0.001497,-0.001092
2016-05-30,-0.011311,0.007236
2016-05-31,0.004329,0.012774
2016-06-01,0.00034,-0.011596
2016-06-02,-0.007175,0.006581
2016-06-03,-0.008735,0.004713
2016-06-06,0.011328,0.030047
2016-06-07,0.009744,0.008462
2016-06-08,0.004952,-0.001263
2016-06-09,-0.004614,0.015242
2016-06-10,0.002178,0.010725
2016-06-13,0.007284,0.007927
2016-06-14,-0.017804,-0.005648
2016-06-15,-0.006436,0.002857
2016-06-16,-0.00737,0.009581
2016-06-17,-0.002421,0.004248
2016-06-20,0.01005,0.002441
2016-06-21,0.008172,-0.006635
2016-06-22,0.00531,0.016511
2016-06-23,0.003077,-0.007656
2016-06-24,0.014625,-0.010763
2016-06-27,-0.000389,-0.003038
2016-06-28,0.002192,-0.008546
2016-06-29,0.002901,-0.003467
2016-06-30,0.027306,0.000496
2016-07-01,0.00805,-0.004449
2016-07-04,-0.000523,0.005781
2016-07-05,0.022235,0.011732
2016-07-06,-0.004499,-0.002365
2016-07-07,-0.005118,0.006912
2016-07-08,0.008204,0.023803
2016-07-11,-0.0052,0.004541
2016-07-12,-0.012215,-0.007877
2016-07-13,-0.004324,0.003075
2016-07-14,-0.002802,-0.004665
2016-07-15,0.000531,0.000409
2016-07-18,-0.000352,-0.011249
2016-07-19,0.007776,-0.000255
2016-07-20,0.001481,-0.000188
2016-07-21,-0.011248,-0.003339
2016-07-22,-0.002685,0.021143
2016-07-25,-0.011214,0.000171
2016-07-26,-0.010501,-0.001354
2016-07-27,-0.007159,0.003855
2016-07-28,0.011844,-0.035768
2016-07-29,0.021014,0.003081
2016-08-01,-0.019252,-0.013301
2016-08-02,-0.001328,0.008272
2016-08-03,-0.003665,0.007636
2016-08-04,-0.005773,0.004686
2016-08-05,-0.005229,-0.00644
2016-08-08,0.000829,-0.015765
2016-08-09,-0.005185,-0.00913
2016-08-10,0.002126,-0.000205
2016-08-11,-0.004161,-0.008267
2016-08-12,-0.011037,0.018238
2016-08-15,0.009415,0.010516
2016-08-16,0.002451,0.000526
2016-08-17,0.01026,-0.001376
2016-08-18,-0.005961,0.013876
2016-08-19,0.011448,0.001379
2016-08-22,-0.001119,-0.021786
2016-08-23,-0.003537,0.007803
2016-08-24,-0.007582,-0.005675
2016-08-25,0.00769,-0.001101
2016-08-26,0.003003,-0.013789
2016-08-29,0.006488,-0.011281
2016-08-30,-0.010215,-0.007599
2016-08-31,0.00029,0.009981
2016-09-01,-0.003886,-0.015523
2016-09-02,-0.009003,0.006309
2016-09-05,-6.8e-05,0.003403
2016-09-06,0.010877,-0.008848
2016-09-07,-0.001017,-0.001474
2016-09-08,0.004784,0.008306
2016-09-09,0.00032,-0.010638
2016-09-12,-0.011973,0.030551
2016-09-13,0.00408,-0.014572
2016-09-14,0.033146,-0.005366
2016-09-15,0.006154,-0.003567
2016-09-16,-0.004332,0.015439
2016-09-19,0.003329,0.004597
2016-09-20,-0.001376,-0.002412
2016-09-21,-0.017983,0.005058
2016-09-22,-0.002259,0.001023
2016-09-23,-0.004353,-0.006554
2016-09-26,0.0108,0.008427
2016-09-27,0.00701,-0.010053
2016-09-28,0.001475,-0.001575
2016-09-29,-0.007325,0.01082
2016-09-30,0.000958,-0.013862
2016-10-03,-0.002311,-0.006181
2016-10-04,0.015215,0.006874
2016-10-05,-0.000472,-0.004748
2016-10-06,0.008235,0.007561
2016-10-07,-0.00035,-0.009976
2016-10-10,0.000997,0.013717
2016-10-11,0.002801,0.019828
2016-10-12,0.00398,0.0278
2016-10-13,0.002097,0.023319
2016-10-14,-0.002357,0.005956
2016-10-17,-0.005043,0.009596
2016-10-18,-0.003025,0.005113
2016-10-19,0.017125,-0.005816
2016-10-20,-0.005192,-0.006804
2016-10-21,0.019815,-0.002103
2016-10-24,-0.010253,0.000877
2016-10-25,0.000507,0.012835
2016-10-26,0.006001,-0.003188
2016-10-27,-0.002834,0.001351
2016-10-28,0.003275,0.012407
2016-10-31,-0.001505,0.000104
2016-11-01,0.005228,-0.008432
2016-11-02,0.00746,0.000896
2016-11-03,0.002712,-0.013986
2016-11-04,-0.00178,0.004602
2016-11-07,0.01123,-0.011129
2016-11-08,-0.002145,-0.017277
2016-11-09,-0.008922,0.001024
2016-11-10,-0.001908,0.016293
2016-11-11,0.003084,0.017761
2016-11-14,0.002643,0.003206
2016-11-15,-0.006573,-0.013338
2016-11-16,-0.008725,0.002482
2016-11-17,-0.00248,-0.00534
2016-11-18,0.002246,-0.001472
2016-11-21,0.004166,-0.010747
2016-11-22,-0.001175,0.014871
2016-11-23,0.003306,-0.005464
2016-11-24,-0.001563,0.004752
2016-11-25,-0.002882,0.002749
2016-11-28,0.001376,0.004152
2016-11-29,-0.003449,0.002844
2016-11-30,-0.006201,-0.009809
2016-12-01,0.00188,0.012727
2016-12-02,-0.004981,-0.001103
2016-12-05,0.005873,-0.008874
2016-12-06,0.014901,-0.006985
2016-12-07,0.013479,-0.001896
2016-12-08,0.022507,-0.007744
2016-12-09,0.003831,-0.003339
2016-12-12,0.005447,-0.01625
2016-12-13,-0.013913,0.000796
2016-12-14,0.007724,-0.005229
2016-12-15,0.005558,-0.014214
2016-12-16,0.002298,0.012622
2016-12-19,0.004489,0.004924
2016-12-20,0.012726,-0.009042
2016-12-21,0.002129,-0.006684
2016-12-22,0.008397,-0.012004
2016-12-23,0.001726,0.006949
2016-12-26,-0.000215,-0.003622
2016-12-27,-0.006211,0.020814
2016-12-28,0.001012,0.008184
2016-12-29,0.012781,0.007837
2016-12-30,-0.005713,0.002551
2017-01-02,-0.006082,-0.004186
2017-01-03,0.019487,0.005829
2017-01-04,0.006008,0.003366
2017-01-05,0.009798,-0.010156
2017-01-06,-0.001992,0.006267
2017-01-09,0.009152,-0.010322
2017-01-10,0.000677,0.003286
2017-01-11,0.000802,-0.003541
2017-01-12,0.000681,0.017513
2017-01-13,0.001267,0.006598
2017-01-16,0.013895,0.000311
2017-01-17,0.002864,-0.000728
2017-01-18,0.003836,0.000136
2017-01-19,-0.006948,-0.003428
2017-01-20,0.003199,0.003085
2017-01-23,0.008905,0.006624
2017-01-24,-0.009017,-0.03531
2017-01-25,0.017948,-0.001549
2017-01-26,0.011916,0.00299
2017-01-27,-0.004248,-0.000288
2017-01-30,0.001203,0.013854
2017-01-31,-0.0042,-0.014798
2017-02-01,-0.005882,0.010709
2017-02-02,-0.011041,-0.00983
2017-02-03,-0.007614,-0.00593
2017-02-06,-0.000539,0.005548
2017-02-07,-0.003231,0.007439
2017-02-08,0.022574,-0.030569
2017-02-09,-0.008404,-0.007878
2017-02-10,0.00894,-0.00351
2017-02-13,0.000289,0.000676
2017-02-14,-0.003378,-0.013797
2017-02-15,-0.014254,-0.011529
2017-02-16,-0.001899,0.001497
2017-02-17,0.013589,0.013613
2017-02-20,0.019373,0.005782
2017-02-21,-0.001482,0.011146
2017-02-22,0.000799,0.001471
2017-02-23,0.000111,0.016349
2017-02-24,-0.004457,-0.007983
2017-02-27,-0.012999,-0.000664
2017-02-28,0.004975,-0.01347
2017-03-01,0.00371,0.003862
2017-03-02,-0.0007,0.009757
2017-03-03,-0.016305,0.002162
2017-03-06,0.005005,-0.026994
2017-03-07,0.001438,-0.006981
2017-03-08,0.001863,0.023054
2017-03-09,-0.007222,-0.009547
2017-03-10,0.008693,0.002566
2017-03-13,0.002679,-5.1e-05
2017-03-14,0.003782,-0.009197
2017-03-15,0.006171,0.000772
2017-03-16,0.006291,-0.017797
2017-03-17,-0.023077,0.023434
2017-03-20,-0.003148,-0.025106
2017-03-21,0.006673,0.018448
2017-03-22,0.001178,-0.001656
2017-03-23,0.009384,0.005385
2017-03-24,2.3e-05,-0.01136
2017-03-27,0.002468,-0.007929
2017-03-28,-0.002586,-0.00923
2017-03-29,-0.004259,-0.019915
2017-03-30,0.007689,0.005039
2017-03-31,0.009143,0.016423
2017-04-03,0.012671,-0.004238
2017-04-04,0.008285,-0.010196
2017-04-05,-9.5e-05,0.014287
2017-04-06,0.003006,-0.018001
2017-04-07,-0.001412,-0.015531
2017-04-10,0.001048,0.004642
2017-04-11,0.005617,0.018132
2017-04-12,-0.019746,-0.027025
2017-04-13,-0.001986,-0.001108
2017-04-14,-0.002515,-0.005058
2017-04-17,-0.003224,-0.002719
2017-04-18,0.007501,-0.004346
2017-04-19,-0.015887,-0.025249
2017-04-20,-0.000978,0.000963
2017-04-21,0.006989,-0.001825
2017-04-24,0.002238,0.011089
2017-04-25,-0.001185,-0.003811
2017-04-26,-0.000791,-0.002945
2017-04-27,0.001169,0.012156
2017-04-28,0.006842,-0.018105
2017-05-01,-0.000425,-0.004642
2017-05-02,0.018016,-0.000473
2017-05-03,-0.004155,-0.002786
2017-05-04,0.006652,-0.018101
2017-05-05,0.009635,-0.006012
2017-05-08,0.003402,-0.001529
2017-05-09,0.006202,0.011123
2017-05-10,0.00153,0.000386
2017-05-11,-0.005657,0.003944
2017-05-12,0.003728,0.005616
2017-05-15,0.000854,0.004304
2017-05-16,0.00915,0.031611
2017-05-17,0.006141,-0.012709
2017-05-18,-0.00262,-0.002341
2017-05-19,0.00151,-0.011174
2017-05-22,0.007588,0.018739
2017-05-23,0.007236,0.022232
2017-05-24,0.001796,-0.007626
2017-05-25,-0.006657,0.001826
2017-05-26,0.008539,-0.015079
2017-05-29,0.009396,-0.004653
2017-05-30,-0.009071,-0.002518
2017-05-31,-0.00227,0.012474
2017-06-01,0.00255,-0.008869
2017-06-02,0.001996,-0.01295
2017-06-05,0.014711,-0.003429
2017-06-06,0.002529,0.003979
2017-06-07,-0.000753,-0.033049
2017-06-08,-0.013692,0.000319
2017-06-09,-3.3e-05,0.001862
2017-06-12,0.014518,-0.004628
2017-06-13,-0.019236,0.003813
2017-06-14,0.011157,-0.002172
2017-06-15,0.001417,-0.012585
2017-06-16,0.00133,0.000753
2017-06-19,-0.009301,0.006924
2017-06-20,-0.001986,0.010217
2017-06-21,0.009458,0.017046
2017-06-22,0.012202,-0.002077
2017-06-23,0.003358,-0.003855
2017-06-26,0.011869,0.010251
2017-06-27,0.007234,-0.015812
2017-06-28,-0.015694,-0.002558
2017-06-29,-0.003043,0.009048
2017-06-30,0.006584,-0.011568
2017-07-03,-0.000624,0.000702
2017-07-04,0.000667,0.006242
2017-07-05,0.006665,-0.004123
2017-07-06,0.000804,-0.027764
2017-07-07,0.001991,0.007456
2017-07-10,-0.004081,0.002037
2017-07-11,0.011016,0.006043
2017-07-12,0.004085,-0.027855
2017-07-13,0.003166,0.001844
2017-07-14,-0.004679,-0.009685
2017-07-17,-0.00281,-0.012208
2017-07-18,-0.007155,-0.003088
2017-07-19,0.006577,-0.002029
2017-07-20,0.015322,-0.003337
2017-07-21,0.001173,-0.00657
2017-07-24,0.008415,-0.003292
2017-07-25,0.005486,-0.005823
2017-07-26,-0.003889,0.021931
2017-07-27,0.00272,0.001844
2017-07-28,0.009621,0.000653
2017-07-31,-0.000873,0.00162
2017-08-01,0.004729,0.011678
2017-08-02,0.011739,-0.002806
2017-08-03,-0.006538,0.006331
2017-08-04,0.001075,0.006482
2017-08-07,-0.001588,-0.005525
2017-08-08,0.01884,-0.01217
2017-08-09,-0.003261,-0.01452
2017-08-10,0.00054,-0.008147
2017-08-11,0.01065,-0.006507
2017-08-14,-0.000185,0.000804
2017-08-15,0.003004,-0.000908
2017-08-16,0.017841,0.009008
2017-08-17,-0.009793,-0.031898
2017-08-18,0.004395,-0.003456
2017-08-21,0.026595,-0.010738
2017-08-22,0.005699,-0.001491
2017-08-23,0.001655,0.015876
2017-08-24,0.002463,0.00735
2017-08-25,-0.006007,0.012406
2017-08-28,-0.015042,0.006879
2017-08-29,0.01008,0.000212
2017-08-30,-0.004453,0.013868
2017-08-31,-0.006517,0.013386
2017-09-01,0.011247,-0.008623
2017-09-04,-0.005381,-0.019868
2017-09-05,0.009606,0.01069
2017-09-06,0.008813,-0.002441
2017-09-07,0.000908,-0.033067
2017-09-08,-0.003719,-0.025199
2017-09-11,0.001229,0.002213
2017-09-12,-0.00247,-5.7e-05
2017-09-13,-0.010326,-0.010971
2017-09-14,-0.000765,-0.01228
2017-09-15,-0.018677,-0.009177
2017-09-18,0.016786,0.035606
2017-09-19,-0.002791,0.000237
2017-09-20,-0.003786,0.003138
2017-09-21,0.022092,0.00873
2017-09-22,-0.015557,-0.009196
2017-09-25,-0.000117,0.000124
2017-09-26,-0.000471,0.011451
2017-09-27,0.005453,0.007674
2017-09-28,-0.00382,0.006192
2017-09-29,0.007051,0.012191
2017-10-02,0.001081,-0.002114
2017-10-03,-0.004463,-0.003999
2017-10-04,0.002594,-6.5e-05
2017-10-05,0.0061,-0.018844
2017-10-06,-0.00048,0.002017
2017-10-09,0.004934,-0.000391
2017-10-10,0.010398,0.003406
2017-10-11,0.000122,-0.002298
2017-10-12,0.009104,0.008685
2017-10-13,-0.003361,-0.005045
2017-10-16,-0.007126,1e-05
2017-10-17,-0.005124,-0.005217
2017-10-18,-0.000396,0.001381
2017-10-19,0.003332,0.005128
2017-10-20,-0.00497,-0.003624
2017-10-23,-0.00481,0.000137
2017-10-24,0.005336,-0.00815
2017-10-25,0.005919,-0.005337
2017-10-26,-0.00022,0.017431
2017-10-27,0.003263,0.001941
2017-10-30,-0.006073,-0.003434
2017-10-31,0.010551,0.003314
2017-11-01,0.007867,0.005232
2017-11-02,0.003729,-0.015034
2017-11-03,-0.013309,-0.014114
2017-11-06,-0.004537,-0.023436
2017-11-07,-0.008247,-0.009709
2017-11-08,0.001386,-0.00596
2017-11-09,0.010363,0.007972
2017-11-10,-0.003561,-0.014538
2017-11-13,0.003254,0.005865
2017-11-14,0.003705,-0.021839
2017-11-15,0.008563,0.028873
2017-11-16,-0.009274,-0.00933
2017-11-17,0.000262,-0.000396
2017-11-20,-0.003857,0.00366
2017-11-21,-0.002765,0.016001
2017-11-22,-0.010824,0.013621
2017-11-23,0.008704,-0.003974
2017-11-24,0.009651,0.005412
2017-11-27,-0.007713,0.009627
2017-11-28,0.024067,0.006809
2017-11-29,-0.003567,-0.002424
2017-11-30,0.013535,-0.000178
2017-12-01,-0.013138,-0.005004
2017-12-04,-0.002084,-0.007586
2017-12-05,0.00143,0.000622
2017-12-06,-0.011837,-0.005874
2017-12-07,-0.010267,0.009018
2017-12-08,0.000228,-0.014324
2017-12-11,-0.003815,-0.006553
2017-12-12,0.006464,0.000186
2017-12-13,-0.006559,0.004023
2017-12-14,-0.001074,-0.005568
2017-12-15,-0.002204,0.004767
2017-12-18,0.001014,0.009771
2017-12-19,-0.007336,0.001096
2017-12-20,-0.008554,-0.013786
2017-12-21,0.006381,0.012646
2017-12-22,-0.00738,-0.002072
2017-12-25,0.000464,0.002528
2017-12-26,-0.001059,-0.008454
2017-12-27,-0.00845,-0.008485
2017-12-28,-0.016458,0.030636
2017-12-29,0.006468,0.010226
2018-01-01,0.0079,0.004465
2018-01-02,-0.004363,0.012132
2018-01-03,-0.010008,0.022204
2018-01-04,-0.00913,-0.01715
2018-01-05,0.004906,0.013523
2018-01-08,-0.005176,-0.005178
2018-01-09,-0.003382,-0.004862
2018-01-10,0.001577,0.012459
2018-01-11,-0.004384,-0.004312
2018-01-12,0.001701,-0.000149
2018-01-15,-0.001588,0.002109
2018-01-16,0.00577,0.025004
2018-01-17,-0.005581,-0.020353
2018-01-18,0.006242,0.006179
2018-01-19,0.004046,0.002158
2018-01-22,0.00168,0.003315
2018-01-23,-0.002837,0.009718
2018-01-24,0.012333,0.015372
2018-01-25,0.002896,-0.013869
2018-01-26,0.021042,-0.007445
2018-01-29,-0.003507,-0.004545
2018-01-30,-0.010171,0.001213
2018-01-31,-0.011618,0.005418
2018-02-01,0.004444,0.012051
2018-02-02,0.01145,0.016466
2018-02-05,-0.007691,8.4e-05
2018-02-06,-0.014669,-0.005746
2018-02-07,-0.005291,0.006336
2018-02-08,0.000399,-0.005573
2018-02-09,-0.009089,0.004392
2018-02-12,-0.001676,0.011609
2018-02-13,0.001934,-0.019069
2018-02-14,0.001389,-0.012528
2018-02-15,0.005311,0.007961
2018-02-16,-0.000857,-0.013683
2018-02-19,0.002369,0.007694
2018-02-20,0.001994,0.002786
2018-02-21,-0.003469,-0.009085
2018-02-22,0.001283,0.01671
2018-02-23,0.001688,0.027652
2018-02-26,0.003174,-0.008057
2018-02-27,0.008285,0.016495
2018-02-28,-0.009392,0.00022
2018-03-01,0.007152,-0.003049
2018-03-02,-0.018886,0.006592
2018-03-05,0.007004,-0.008894
2018-03-06,0.003487,-0.005874
2018-03-07,0.006163,-0.000201
2018-03-08,-0.010369,0.010856
2018-03-09,-0.009733,-0.012435
2018-03-12,0.004428,0.009141
2018-03-13,0.013642,0.004032
2018-03-14,-0.000458,-0.003808
2018-03-15,0.006164,0.00467
2018-03-16,-0.004839,-0.006826
2018-03-19,8.5e-05,0.00311
2018-03-20,0.010453,0.013952
2018-03-21,-0.017628,0.004229
2018-03-22,0.001827,-0.004669
2018-03-23,-0.006962,0.006083
2018-03-26,-0.004991,-0.006215
2018-03-27,0.003928,-0.009809
2018-03-28,0.002345,-0.004359
2018-03-29,-0.000293,0.010705
2018-03-30,-0.000547,0.007167
2018-04-02,-0.005558,-0.004721
2018-04-03,0.005921,-0.019222
2018-04-04,-0.00841,0.022614
2018-04-05,0.001142,0.010624
2018-04-06,-0.01285,0.011248
2018-04-09,-0.0002,0.002049
2018-04-10,-0.008389,0.005861
2018-04-11,0.006168,-0.012249
2018-04-12,0.010217,0.022436
2018-04-13,-0.004219,-0.009773
2018-04-16,-0.003165,-0.007108
2018-04-17,0.001597,-0.027673
2018-04-18,-0.006938,0.011159
2018-04-19,0.010946,0.001278
2018-04-20,-0.016002,-0.003705
2018-04-23,-0.003663,-0.006131
2018-04-24,0.003859,0.007489
2018-04-25,-0.002083,-0.000247
2018-04-26,-0.000941,-0.007868
2018-04-27,0.013333,-0.009932
2018-04-30,0.010138,-0.024918
2018-05-01,0.002319,-0.006314
2018-05-02,0.029213,-0.007887
2018-05-03,-0.003598,0.000212
2018-05-04,-0.02001,-0.003619
2018-05-07,0.009168,-0.001886
2018-05-08,0.004634,0.011828
2018-05-09,0.008287,-2.1e-05
2018-05-10,0.026799,-0.008094
2018-05-11,5e-05,0.001265
2018-05-14,0.015898,0.012774
2018-05-15,-0.009129,0.036099
2018-05-16,0.00423,0.003046
2018-05-17,0.011822,0.013068
2018-05-18,-0.001952,-0.013149
2018-05-21,-0.00735,-0.003136
2018-05-22,0.004614,-0.012944
2018-05-23,0.009344,-0.003762
2018-05-24,-0.013258,0.006366
2018-05-25,-0.015463,0.007226
2018-05-28,-0.006687,-0.025377
2018-05-29,-0.006528,0.001067
2018-05-30,-0.001235,-0.001732
2018-05-31,0.008695,0.008091
2018-06-01,0.004083,-0.007678
2018-06-04,-0.0027,0.005245
2018-06-05,-0.005178,-0.009937
2018-06-06,0.022487,-0.001623
2018-06-07,-0.018514,-0.009612
2018-06-08,-0.001656,-0.017685
2018-06-11,-0.003332,0.008007
2018-06-12,0.003754,0.004459
2018-06-13,0.000281,-0.001817
2018-06-14,-0.003177,0.003648
2018-06-15,-0.01495,-0.01441
2018-06-18,-0.001128,0.012864
2018-06-19,-0.001304,0.001183
2018-06-20,0.001317,-0.026097
2018-06-21,-0.007712,-0.00479
2018-06-22,0.002999,0.016088
2018-06-25,-0.000716,0.000564
2018-06-26,-0.001498,-0.003365
2018-06-27,0.006425,-0.008457
2018-06-28,0.044178,-0.007971
2018-06-29,-0.001907,-0.015728
2018-07-02,-0.017958,0.021394
2018-07-03,-0.003017,-0.014293
2018-07-04,-0.005488,0.032416
2018-07-05,0.002675,0.007078
2018-07-06,0.007549,0.010642
2018-07-09,0.002155,-0.00101
2018-07-10,-0.010823,-0.009099
2018-07-11,-0.003351,-0.004464
2018-07-12,0.001517,0.005315
2018-07-13,-0.00291,-0.020485
2018-07-16,-0.007991,0.002262
2018-07-17,0.001017,-0.000847
2018-07-18,0.011383,0.000411
2018-07-19,-0.001989,-0.007858
2018-07-20,0.006026,0.005387
2018-07-23,0.010714,0.000271
2018-07-24,-0.015512,0.004525
2018-07-25,0.007957,0.00664
2018-07-26,0.013279,-0.014661
2018-07-27,0.00238,-0.000178
2018-07-30,-0.008357,-0.016928
2018-07-31,-0.008768,0.001558
2018-08-01,-0.005177,-0.027223
2018-08-02,-0.004453,-0.004112
2018-08-03,-0.006671,0.010962
2018-08-06,-0.005549,0.007331
2018-08-07,0.001866,-0.00565
2018-08-08,-0.000491,0.024736
2018-08-09,0.001057,0.004474
2018-08-10,-0.003154,0.005348
2018-08-13,0.006307,0.013739
2018-08-14,0.003286,0.01204
2018-08-15,0.018396,0.014858
2018-08-16,0.008155,0.02343
2018-08-17,0.001527,-0.002184
2018-08-20,0.001436,0.006637
2018-08-21,0.004119,-0.004254
2018-08-22,0.008868,-0.013074
2018-08-23,0.007675,0.002548
2018-08-24,0.010328,-0.009287
2018-08-27,0.002154,0.026464
2018-08-28,-0.000331,-0.001702
2018-08-29,0.007071,-0.004921
2018-08-30,-0.004503,-0.001493
2018-08-31,0.002475,-0.000326
2018-09-03,0.002078,0.001355
2018-09-04,-0.006168,0.003162
2018-09-05,-0.001737,-0.007134
2018-09-06,-0.001531,0.002988
2018-09-07,0.014662,-0.012653
2018-09-10,-0.001379,-0.022625
2018-09-11,0.005552,-3.4e-05
2018-09-12,-0.003901,0.010601
2018-09-13,-0.006591,0.01306
2018-09-14,0.019117,-0.028749
2018-09-17,0.006638,-0.008675
2018-09-18,-0.003389,-0.002233
2018-09-19,-0.007147,-0.006839
2018-09-20,-0.005383,-0.006576
2018-09-21,-0.01197,0.000434
2018-09-24,-0.004188,0.007111
2018-09-25,0.003967,-0.021544
2018-09-26,0.002461,0.003252
2018-09-27,-0.00478,0.001854
2018-09-28,0.007096,-0.000797
2018-10-01,-0.002437,-0.007872
2018-10-02,0.004377,-0.014868
2018-10-03,0.007113,-0.000329
2018-10-04,-0.007486,-0.031733
2018-10-05,0.002994,-0.007697
2018-10-08,-0.013987,-0.005343
2018-10-09,0.018165,-0.017289
2018-10-10,0.006094,-0.001916
2018-10-11,0.008013,-0.012
2018-10-12,-0.00089,-0.006621
2018-10-15,-0.002291,-0.008954
2018-10-16,0.008023,0.012505
2018-10-17,-0.004329,-0.013819
2018-10-18,0.007153,-0.000576
2018-10-19,0.017682,0.013773
2018-10-22,-0.003936,-0.011205
2018-10-23,-0.006911,-0.002341
2018-10-24,-0.009197,-0.002274
2018-10-25,0.012878,0.002458
2018-10-26,-0.005149,0.03124
2018-10-29,0.003691,-0.009352
2018-10-30,0.003331,0.001654
2018-10-31,-0.002515,0.011041
2018-11-01,-0.017247,0.024247
2018-11-02,-0.004027,0.002091
2018-11-05,-0.002983,-0.003913
2018-11-06,0.012275,-0.001109
2018-11-07,0.005564,0.00161
2018-11-08,0.000539,0.012767
2018-11-09,-0.003838,0.001582
2018-11-12,0.002685,0.012245
2018-11-13,0.006805,-0.01391
2018-11-14,-0.008239,-0.006716
2018-11-15,0.005493,0.007594
2018-11-16,-0.004819,-0.006682
2018-11-19,0.001359,-0.00654
2018-11-20,-0.004199,-0.001336
2018-11-21,-0.00453,0.004695
2018-11-22,0.006395,0.005673
2018-11-23,0.004029,-0.008544
2018-11-26,0.012386,-0.006807
2018-11-27,-0.018953,0.007781
2018-11-28,-0.010111,0.0211
2018-11-29,-0.005176,-0.012
2018-11-30,-0.010088,-0.00898
2018-12-03,0.012616,0.005094
2018-12-04,0.008014,0.000469
2018-12-05,0.001501,0.005732
2018-12-06,0.004111,0.00076
2018-12-07,-0.00326,-0.0099
2018-12-10,-0.00488,0.00876
2018-12-11,0.009402,-0.009788
2018-12-12,-0.008969,-0.011688
2018-12-13,0.0037,0.017851
2018-12-14,0.000428,0.00327
2018-12-17,0.002858,-0.012696
2018-12-18,-0.001398,0.006124
2018-12-19,-0.003935,-0.005114
2018-12-20,0.002918,0.012932
2018-12-21,0.001816,0.001231
2018-12-24,0.003338,-0.004872
2018-12-25,-0.000401,0.009909
2018-12-26,-0.002641,0.002295
2018-12-27,0.000738,-0.004131
2018-12-28,0.005361,-0.019078
2018-12-31,-0.004081,0.003934
2019-01-01,-0.012054,0.012674
2019-01-02,0.009879,-0.009032
2019-01-03,-0.001606,0.000321
2019-01-04,-0.003137,0.008033
2019-01-07,0.010492,0.013084
2019-01-08,-0.004222,0.006741
2019-01-09,0.009381,0.010131
2019-01-10,0.004091,-0.002322
2019-01-11,0.005982,0.000925
2019-01-14,-0.001187,0.031617
2019-01-15,-0.006266,0.005932
2019-01-16,-0.001104,-0.001586
2019-01-17,-0.008741,0.002584
2019-01-18,0.019794,0.009091
2019-01-21,-0.001895,0.001245
2019-01-22,-0.005929,0.015862
2019-01-23,-0.005344,-0.001488
2019-01-24,0.008879,-0.006073
2019-01-25,0.013399,0.002358
2019-01-28,-0.001037,0.002257
2019-01-29,0.006481,0.005068
2019-01-30,0.003116,-0.006527
2019-01-31,-0.000627,0.01947
2019-02-01,-0.008343,-0.004928
2019-02-04,0.007026,-0.007356
2019-02-05,0.006753,-0.006406
2019-02-06,-0.009922,-0.002659
2019-02-07,-0.008164,0.020236
2019-02-08,-0.006396,0.003702
2019-02-11,0.000164,0.004017
2019-02-12,0.001747,0.001799
2019-02-13,-0.008857,0.003482
2019-02-14,0.007322,-0.006453
2019-02-15,0.000875,-0.008229
2019-02-18,-0.010322,0.016783
2019-02-19,0.002404,-0.002905
2019-02-20,0.007526,-9.7e-05
2019-02-21,-0.008094,-0.015534
2019-02-22,-0.001884,0.012094
2019-02-25,0.00352,0.003905
2019-02-26,0.003437,0.004924
2019-02-27,-0.002058,-0.00485
2019-02-28,-0.006026,0.005112
2019-03-01,0.00341,0.061014
2019-03-04,-0.000375,-0.005896
2019-03-05,-0.000433,0.020157
2019-03-06,-0.00545,0.002421
2019-03-07,0.001927,0.001996
2019-03-08,-0.021138,0.005904
2019-03-11,-0.010323,0.013654
2019-03-12,-0.00654,0.022088
2019-03-13,-0.007418,-0.012261
2019-03-14,0.00798,-0.004965
2019-03-15,0.007158,-0.002907
2019-03-18,-3.2e-05,0.003569
2019-03-19,-0.012773,-0.005853
2019-03-20,0.00844,0.001506
2019-03-21,0.023367,0.014505
2019-03-22,0.006111,0.010762
2019-03-25,0.0069,0.008414
2019-03-26,-0.005204,-0.005813
2019-03-27,-0.000188,0.003887
2019-03-28,0.002237,-0.003794
2019-03-29,-0.000569,0.007699
2019-04-01,0.000922,-0.013614
2019-04-02,-0.003089,0.002806
2019-04-03,0.00207,0.001107
2019-04-04,-0.007128,-0.004559
2019-04-05,-0.003243,-0.001656
2019-04-08,-0.004848,-0.017428
2019-04-09,-0.011598,0.002844
2019-04-10,0.011855,-0.000601
2019-04-11,0.004801,-0.001169
2019-04-12,-0.00607,-0.020265
2019-04-15,0.000307,0.008214
2019-04-16,0.001267,-0.002982
2019-04-17,-0.004945,-0.016617
2019-04-18,0.002172,0.01498
2019-04-19,-0.025075,0.010465
2019-04-22,-0.00281,-0.001908
2019-04-23,0.002675,0.005308
2019-04-24,-0.003497,-0.014805
2019-04-25,-0.014845,0.008496
2019-04-26,-0.006743,0.010217
2019-04-29,-0.003304,-0.014186
2019-04-30,0.0084,0.017829
2019-05-01,-0.008777,-0.008661
2019-05-02,-0.00236,0.000579
2019-05-03,0.013197,-0.003423
2019-05-06,-0.003463,-0.000429
2019-05-07,-0.018028,-0.005509
2019-05-08,-0.003591,-0.002676
2019-05-09,-0.000391,-0.013458
2019-05-10,0.002416,0.006901
2019-05-13,-0.006489,-0.001325
2019-05-14,-0.001471,0.001758
2019-05-15,0.004255,0.003009
2019-05-16,-0.001177,0.006626
2019-05-17,-0.00019,0.000249
2019-05-20,0.013371,-0.009062
2019-05-21,-0.013503,0.005475
2019-05-22,0.02216,-0.008039
2019-05-23,0.004685,-0.010185
2019-05-24,0.013277,-0.006879
2019-05-27,0.005333,0.006816
2019-05-28,-0.004784,0.002116
2019-05-29,0.003707,-0.002754
2019-05-30,-0.003069,-0.007661
2019-05-31,0.004531,-0.02212
2019-06-03,0.000421,0.011104
2019-06-04,0.002244,-0.007622
2019-06-05,0.004924,0.008756
2019-06-06,0.011162,0.000161
2019-06-07,-0.004709,-0.018777
2019-06-10,-0.004825,0.018478
2019-06-11,-0.000191,0.002601
2019-06-12,-0.009122,-0.000877
2019-06-13,-0.006299,-0.018741
2019-06-14,0.006868,0.01496
2019-06-17,-0.002227,-0.002403
2019-06-18,0.002048,0.007614
2019-06-19,0.002651,0.001536
2019-06-20,0.012176,-0.001383
2019-06-21,0.002466,-0.000702
2019-06-24,-0.001502,-0.003279
2019-06-25,0.010546,0.005105
2019-06-26,-0.006158,-0.012487
2019-06-27,-0.015688,0.009104
2019-06-28,0.005291,-0.001235
2019-07-01,-0.020803,0.004192
2019-07-02,-0.001257,0.013285
2019-07-03,0.002851,-0.007062
2019-07-04,-0.001502,0.008218
2019-07-05,0.004409,0.014871
2019-07-08,0.003375,-0.003048
2019-07-09,-0.016851,0.006198
2019-07-10,-0.001715,-0.004968
2019-07-11,-0.01059,0.000155
2019-07-12,-0.000791,-0.000848
2019-07-15,0.003653,0.003319
2019-07-16,-0.008112,0.007782
2019-07-17,0.007792,-0.005543
2019-07-18,-0.00527,-0.000829
2019-07-19,0.016781,0.007371
2019-07-22,0.000602,-0.004235
2019-07-23,-0.0044,-0.013839
2019-07-24,0.000965,-0.002286
2019-07-25,0.00624,0.005817
2019-07-26,0.004551,0.011186
2019-07-29,0.003593,0.023551
2019-07-30,-0.011888,-0.010733
2019-07-31,-0.008179,-0.004707
2019-08-01,-0.003602,0.002784
2019-08-02,0.001953,-0.020342
2019-08-05,0.001126,-0.003338
2019-08-06,0.008883,-0.014542
2019-08-07,0.003678,0.011015
2019-08-08,0.023626,-0.011413
2019-08-09,-0.023894,-0.00723
2019-08-12,-0.004493,-0.007623
2019-08-13,0.007008,0.016321
2019-08-14,-0.007043,-0.006109
2019-08-15,0.001556,-0.000553
2019-08-16,0.005945,-0.022231
2019-08-19,0.006615,-0.023299
2019-08-20,0.005201,-0.002243
2019-08-21,0.004599,-0.01027
2019-08-22,0.006174,0.007412
2019-08-23,0.00253,0.003298
2019-08-26,-0.013716,-0.008692
2019-08-27,0.003214,-0.013629
2019-08-28,0.01165,0.003586
2019-08-29,0.016856,0.019608
2019-08-30,0.008443,-0.003605
2019-09-02,0.009929,-0.010598
2019-09-03,0.003343,0.009185
2019-09-04,0.005971,-0.005029
2019-09-05,0.013255,-0.002524
2019-09-06,0.004438,-0.003617
2019-09-09,-0.001614,0.019042
2019-09-10,-0.01053,-0.009793
2019-09-11,0.009022,0.015565
2019-09-12,-0.003812,0.003442
2019-09-13,-4.7e-05,0.001661
2019-09-16,-0.003351,0.007004
2019-09-17,-0.009686,0.003193
2019-09-18,0.00168,0.007399
2019-09-19,-0.003456,0.007869
2019-09-20,-0.004132,-0.001249
2019-09-23,0.00377,0.004401
2019-09-24,0.000522,0.009299
2019-09-25,0.004002,0.003027
2019-09-26,0.021834,0.006874
2019-09-27,0.003354,-0.003458
2019-09-30,0.010037,0.001331
2019-10-01,0.003178,0.02142
2019-10-02,0.007658,-9e-05
2019-10-03,-0.003403,-0.011117
2019-10-04,0.003775,-0.008171
2019-10-07,0.0088,0.005209
2019-10-08,0.000926,0.00547
2019-10-09,0.013267,-0.012906
2019-10-10,0.006472,-0.006203
2019-10-11,0.001345,0.002645
2019-10-14,-0.005117,-0.00058
2019-10-15,0.005134,-0.004069
2019-10-16,0.000956,-0.008515
2019-10-17,-0.00365,0.004451
2019-10-18,0.003906,-0.005026
2019-10-21,0.012467,0.00645
2019-10-22,-0.003548,0.008951
2019-10-23,0.000613,-0.003687
2019-10-24,0.014557,-0.003692
2019-10-25,-0.007385,0.005712
2019-10-28,0.000281,0.015103
2019-10-29,0.005777,0.021349
2019-10-30,0.007688,0.000237
2019-10-31,0.000637,0.006385
2019-11-01,0.005211,0.002931
2019-11-04,0.001535,-0.053107
2019-11-05,-0.001884,-0.00029
2019-11-06,0.009839,-0.002606
2019-11-07,0.003967,0.01099
2019-11-08,0.000805,-0.008648
2019-11-11,0.002915,0.005694
2019-11-12,-0.003055,-0.012622
2019-11-13,0.000516,0.005832
2019-11-14,-0.001485,-0.016228
2019-11-15,0.000526,-0.020798
2019-11-18,0.005113,0.019883
2019-11-19,0.001126,0.007521
2019-11-20,0.004841,-0.010817
2019-11-21,0.010092,-0.001607
2019-11-22,0.006891,0.002417
2019-11-25,0.005784,0.013268
2019-11-26,0.005597,-0.00597
2019-11-27,0.012062,-0.011238
2019-11-28,0.003844,0.00838
2019-11-29,0.001246,0.008676
2019-12-02,-0.004618,-0.007403
2019-12-03,0.005068,-0.016519
2019-12-04,-0.003637,-0.000662
2019-12-05,-0.002792,-0.005619
2019-12-06,8.8e-05,0.000681
2019-12-09,-0.003886,-0.002248
2019-12-10,-0.000171,-0.009104
2019-12-11,4e-06,0.00291
2019-12-12,0.008983,0.005912
2019-12-13,0.00017,-0.005815
2019-12-16,-0.00919,0.011768
2019-12-17,-0.000175,-0.004325
2019-12-18,0.006786,0.000889
2019-12-19,-0.000811,-0.007993
2019-12-20,-0.000987,-0.025164
2019-12-23,0.001991,0.02065
2019-12-24,-0.000473,0.01243
2019-12-25,-0.000967,0.004429
2019-12-26,0.017638,0.013942
2019-12-27,-0.001364,0.003062
2019-12-30,0.001334,0.002747
2019-12-31,0.011342,-0.015828
2020-01-01,-0.001241,0.000882
2020-01-02,0.001998,0.017538
2020-01-03,0.003184,-0.000164
2020-01-06,0.005684,0.008524
2020-01-07,-0.013644,0.011851
2020-01-08,-0.00056,0.00595
2020-01-09,0.004286,0.00055
2020-01-10,0.000516,-0.004803
2020-01-13,-0.008129,0.015772
2020-01-14,0.00836,0.009764
2020-01-15,0.001433,0.010427
2020-01-16,0.001074,-0.001993
2020-01-17,-0.001773,0.015887
2020-01-20,-0.011448,-0.001091
2020-01-21,0.000888,0.005653
2020-01-22,0.005126,0.002822
2020-01-23,0.004175,0.004007
2020-01-24,0.009263,0.00228
2020-01-27,0.006787,0.006591
2020-01-28,0.004373,-0.009838
2020-01-29,-0.010389,0.013354
2020-01-30,0.004137,0.002207
2020-01-31,0.003286,0.004471
2020-02-03,0.00368,-0.013684
2020-02-04,-0.002155,0.006036
2020-02-05,-0.002222,-0.017607
2020-02-06,0.01856,0.003612
2020-02-07,0.00471,-0.01112
2020-02-10,-0.021702,-0.007469
2020-02-11,-0.006919,0.006266
2020-02-12,0.004219,0.011131
2020-02-13,-0.001212,0.001878
2020-02-14,-0.001861,-0.006869
2020-02-17,0.007512,0.00101
2020-02-18,0.008749,-0.008176
2020-02-19,0.002502,0.000171
2020-02-20,0.00994,-0.015777
2020-02-21,0.003482,-0.030692
2020-02-24,0.00612,-0.003922
2020-02-25,-0.004727,-0.006074
2020-02-26,0.001088,0.007636
2020-02-27,-0.006162,-0.008687
2020-02-28,-0.006814,-0.005921
2020-03-02,-0.001634,0.007052
2020-03-03,-0.004281,0.002332
2020-03-04,0.000977,-0.007864
2020-03-05,-0.003192,-0.035005
2020-03-06,-0.009682,-0.007025
2020-03-09,-0.001892,0.00204
2020-03-10,0.000314,0.008482
2020-03-11,-0.011791,-0.00151
2020-03-12,-0.017164,-0.003771
2020-03-13,0.008616,0.015779
2020-03-16,-0.008472,0.007536
2020-03-17,-0.000373,-0.008857
2020-03-18,0.001778,-0.012259
2020-03-19,-0.003906,-0.004614
2020-03-20,0.002237,0.000478
2020-03-23,-0.001188,-0.004534
2020-03-24,-0.008537,-0.003078
2020-03-25,-0.003875,-0.015274
2020-03-26,0.008113,-0.025981
2020-03-27,0.004673,-0.004007
2020-03-30,-0.003902,-0.028873
2020-03-31,0.002048,0.01081
2020-04-01,-0.002795,-0.013983
2020-04-02,-0.001476,0.026491
2020-04-03,-0.005078,0.004979
2020-04-06,0.005382,0.011827
2020-04-07,0.006117,0.008965
2020-04-08,-0.001543,0.008705
2020-04-09,0.020109,-0.004523
2020-04-10,-0.003339,-0.000246
2020-04-13,-0.016814,-0.002205
2020-04-14,-0.000169,-0.013586
2020-04-15,-0.006069,-0.001935
2020-04-16,-0.011724,0.004985
2020-04-17,0.011589,0.0076
2020-04-20,-0.001095,-0.026559
2020-04-21,-0.004665,0.004245
2020-04-22,0.015777,0.011837
2020-04-23,0.020068,-0.000341
2020-04-24,-0.007923,-0.024559
2020-04-27,-0.006856,0.010191
2020-04-28,-0.015832,0.018334
2020-04-29,-0.009719,0.004311
2020-04-30,-0.007213,0.010454
2020-05-01,-0.00742,0.005909
2020-05-04,-0.0123,0.002998
2020-05-05,-0.005175,0.015421
2020-05-06,-0.003609,0.000144
2020-05-07,-0.003462,-0.011737
2020-05-08,0.003913,-0.00027
2020-05-11,-0.00113,0.018861
2020-05-12,-0.002802,-0.005248
2020-05-13,-0.008336,-0.008772
2020-05-14,-0.005392,0.005972
2020-05-15,0.005084,0.005555
2020-05-18,-0.006453,0.012968
2020-05-19,0.012243,0.015168
2020-05-20,-0.019127,0.00143
2020-05-21,-0.012534,0.000716
2020-05-22,-0.001346,0.004151
2020-05-25,0.003355,0.027861
2020-05-26,-0.007207,-0.004857
2020-05-27,-0.00016,-0.001988
2020-05-28,-0.002212,-0.001524
2020-05-29,0.001617,0.023449
2020-06-01,0.004884,-0.007804
2020-06-02,0.011949,0.014902
2020-06-03,-0.014488,0.00872
2020-06-04,-0.00818,-0.006926
2020-06-05,0.011886,0.003306
2020-06-08,-0.012414,0.00767
2020-06-09,0.003395,0.001037
2020-06-10,0.005067,0.007671
2020-06-11,-0.008316,0.002616
2020-06-12,-0.001806,-0.003149
2020-06-15,-0.01227,0.001561
2020-06-16,0.008054,-0.005235
2020-06-17,0.012762,0.004058
2020-06-18,0.013963,-0.027819
2020-06-19,-0.00272,0.001902
2020-06-22,0.00063,-0.001526
2020-06-23,0.001758,0.010316
2020-06-24,0.003763,-0.022026
2020-06-25,0.002031,0.013626
2020-06-26,0.007652,0.00424
2020-06-29,0.001057,-0.004318
2020-06-30,-0.000736,-0.009916
2020-07-01,0.003836,0.002457
2020-07-02,0.020292,0.004968
2020-07-03,0.010213,0.004119
2020-07-06,-0.007292,-0.019539
2020-07-07,-0.003059,-0.016353
2020-07-08,0.018713,0.015823
2020-07-09,0.002572,-0.008337
2020-07-10,0.000925,-0.007892
2020-07-13,0.001227,-0.002195
2020-07-14,0.006753,0.012075
2020-07-15,-0.003092,-0.016311
2020-07-16,0.000537,0.012522
2020-07-17,0.00273,-0.003621
2020-07-20,-0.007857,0.009095
2020-07-21,0.000134,0.022341
2020-07-22,-0.011932,0.00181
2020-07-23,-0.003635,0.012128
2020-07-24,0.002946,-0.040701
2020-07-27,-0.003387,0.003151
2020-07-28,0.004949,-0.008834
2020-07-29,-0.00728,0.000781
2020-07-30,0.005142,0.003486
2020-07-31,-0.002388,-0.001293
2020-08-03,0.002275,-0.003269
2020-08-04,-0.006232,-0.005862
2020-08-05,0.00248,0.007225
2020-08-06,0.001814,0.009626
2020-08-07,0.010558,-0.00312
2020-08-10,-0.001801,0.001655
2020-08-11,-0.002545,8.1e-05
2020-08-12,-4.9e-05,0.004283
2020-08-13,0.011946,0.005276
2020-08-14,-0.002268,0.009972
2020-08-17,0.008632,-0.003074
2020-08-18,0.02058,-4.7e-05
2020-08-19,0.001776,-0.001105
2020-08-20,0.010536,-0.005844
2020-08-21,-0.010506,-0.012389
2020-08-24,-0.001426,0.004425
2020-08-25,-0.011283,-0.008307
2020-08-26,0.014457,0.000858
2020-08-27,0.004251,-0.005658
2020-08-28,-0.006104,0.001587
2020-08-31,0.002387,0.00465
2020-09-01,-0.002952,0.019739
2020-09-02,0.000885,0.004515
2020-09-03,-0.006218,-0.005578
2020-09-04,0.003402,-0.007612
2020-09-07,0.000373,-0.019298
2020-09-08,0.019626,0.019796
2020-09-09,-0.007897,0.002155
2020-09-10,0.006614,0.00791
2020-09-11,-0.00155,0.005084
2020-09-14,-0.000203,-0.002768
2020-09-15,-0.000256,-0.001216
2020-09-16,0.011039,0.0035
2020-09-17,0.001475,-0.00333
2020-09-18,0.000157,-0.016416
2020-09-21,0.002152,0.009503
2020-09-22,0.00503,-0.004903
2020-09-23,-0.002975,-0.001453
2020-09-24,0.024815,-0.000442
2020-09-25,0.006566,-0.002075
2020-09-28,-0.002532,-0.001997
2020-09-29,0.001091,-0.011363
2020-09-30,-0.003053,-0.000281
2020-10-01,-0.002387,-0.000481
2020-10-02,-0.007935,0.002651
2020-10-05,-0.006098,0.049742
2020-10-06,-0.002515,0.008068
2020-10-07,0.007565,-0.00809
2020-10-08,0.005588,-0.00419
2020-10-09,0.005702,0.002653
2020-10-12,-0.003383,0.001802
2020-10-13,-0.001027,-0.004853
2020-10-14,-0.003787,0.009603
2020-10-15,0.008907,-0.006674
2020-10-16,-0.005533,-0.003474
2020-10-19,-0.002235,0.007578
2020-10-20,0.005194,-0.018806
2020-10-21,-0.023925,-0.000445
2020-10-22,0.006154,-0.005691
2020-10-23,0.001502,-0.003296
2020-10-26,-0.010254,-0.00048
2020-10-27,0.003796,0.006055
2020-10-28,-0.015451,-0.000592
2020-10-29,0.013022,-0.003065
2020-10-30,-0.022999,0.007816
2020-11-02,0.005655,-0.020707
2020-11-03,-0.002118,0.018717
2020-11-04,0.016952,0.005533
2020-11-05,-0.007756,-0.009548
2020-11-06,-0.010922,0.008485
2020-11-09,0.003348,-0.014238
2020-11-10,-0.008196,0.00282
2020-11-11,0.006123,0.000304
2020-11-12,-0.002663,-0.000997
2020-11-13,-0.00524,0.02062
2020-11-16,-0.001931,-0.016884
2020-11-17,0.002867,0.003092
2020-11-18,-0.0043,0.007206
2020-11-19,-0.00185,0.00835
2020-11-20,0.001561,-0.008827
2020-11-23,0.014104,0.015058
2020-11-24,-0.014251,-0.010379
2020-11-25,0.016915,0.015981
2020-11-26,-0.003252,-0.005559
2020-11-27,-0.008353,0.002769
2020-11-30,-0.005441,-6.7e-05
2020-12-01,0.009753,-0.000102
2020-12-02,0.009729,0.002411
2020-12-03,-0.00359,-0.002903
2020-12-04,0.008501,0.002833
2020-12-07,0.001091,-0.001974
2020-12-08,0.000334,-0.009829
2020-12-09,-0.002944,0.007514
2020-12-10,-0.003253,0.017485
2020-12-11,-0.002149,0.00088
2020-12-14,0.000375,0.006689
2020-12-15,-0.003645,0.00357
2020-12-16,0.008652,0.012312
2020-12-17,0.001269,0.006499
2020-12-18,-0.01365,0.0198
2020-12-21,-0.004822,-0.001396
2020-12-22,0.009787,0.011555
2020-12-23,-0.01132,0.012032
2020-12-24,-0.003503,-0.009374
2020-12-25,0.005975,0.013764
2020-12-28,0.007574,-0.002005
2020-12-29,0.005918,0.003351
2020-12-30,0.008249,0.006955
2020-12-31,0.003697,-0.021394
2021-01-01,-0.002671,0.013782
2021-01-04,0.002655,0.01309
2021-01-05,-0.010037,0.004361
2021-01-06,-0.00684,0.003893
2021-01-07,-0.006094,0.002345
2021-01-08,-0.004957,-0.012516
2021-01-11,-0.000672,-0.017019
2021-01-12,0.000887,0.005161
2021-01-13,-0.008252,0.004754
2021-01-14,-0.002422,-0.012689
2021-01-15,-1.7e-05,-0.002761
2021-01-18,0.009033,-0.006902
2021-01-19,-0.009334,-0.025056
2021-01-20,0.001662,-0.002784
2021-01-21,-0.0053,-0.006829
2021-01-22,0.006828,0.012369
2021-01-25,-0.011671,0.000237
2021-01-26,-0.001474,0.001588
2021-01-27,0.006557,0.005776
2021-01-28,0.025624,-0.006171
2021-01-29,0.015382,-0.011527
2021-02-01,-0.004822,0.000615
2021-02-02,-0.005029,-0.009749
2021-02-03,-0.014823,-0.003548
2021-02-04,0.002153,0.02126
2021-02-05,-0.003647,-0.0145
2021-02-08,0.004995,0.010861
2021-02-09,-0.003425,-0.00242
2021-02-10,-0.013708,-0.008926
2021-02-11,-0.000756,-0.016008
2021-02-12,0.003107,-0.000261
2021-02-15,-0.000982,0.006773
2021-02-16,-0.001944,0.002365
2021-02-17,-0.010627,-0.02312
2021-02-18,0.008927,-0.005272
2021-02-19,0.012622,-0.00012
2021-02-22,0.004078,0.019277
2021-02-23,0.00412,0.009324
2021-02-24,-0.010013,-0.001968
2021-02-25,-0.007359,-0.000358
2021-02-26,0.003417,0.015713
2021-03-01,-0.002854,0.002126
2021-03-02,0.007339,0.003145
2021-03-03,0.00217,0.008337
2021-03-04,0.011469,0.007983
2021-03-05,-0.004881,0.008687
2021-03-08,-0.007776,0.084059
2021-03-09,0.000991,0.00719
2021-03-10,0.004411,-0.01095
2021-03-11,-0.003047,0.014691
2021-03-12,0.009928,-0.029114
2021-03-15,-0.001291,0.016689
2021-03-16,-0.000579,-0.009105
2021-03-17,0.008392,-0.004259
2021-03-18,0.013923,0.003509
2021-03-19,-0.006414,0.004589
2021-03-22,0.005956,0.002629
2021-03-23,-0.003144,0.028855
2021-03-24,-0.005971,-0.009152
2021-03-25,-0.000893,-0.002504
2021-03-26,-0.000111,0.003682
2021-03-29,0.002561,-0.039788
2021-03-30,-0.001081,0.009562
2021-03-31,-0.006864,-0.002398
2021-04-01,-0.035837,-0.003565
2021-04-02,0.002986,-0.001461
2021-04-05,0.007778,-0.006068
2021-04-06,0.007376,0.0037
2021-04-07,0.001805,-0.009096
2021-04-08,-0.013531,-0.004928
2021-04-09,-0.007575,-4.3e-05
2021-04-12,0.000316,-0.003877
2021-04-13,-0.002936,0.033606
2021-04-14,0.001191,-0.001623
2021-04-15,-0.004261,0.027219
2021-04-16,-0.001655,-0.007342
2021-04-19,0.005096,9.1e-05
2021-04-20,0.003387,-0.001015
2021-04-21,-0.004064,-0.001584
2021-04-22,-0.00564,-0.002534
2021-04-23,0.002779,-0.010261
2021-04-26,0.005737,-0.020413
2021-04-27,-0.016246,0.000383
2021-04-28,0.000989,0.000204
2021-04-29,0.013675,-0.009546
2021-04-30,-0.010473,-0.002552
2021-05-03,-0.008021,0.00626
2021-05-04,-0.009145,-0.012668
2021-05-05,0.005244,0.003368
2021-05-06,-0.009846,-0.014526
2021-05-07,0.003021,0.000242
2021-05-10,0.00014,0.007014
2021-05-11,0.000156,-0.017263
2021-05-12,-0.002975,0.012772
2021-05-13,-0.003022,0.0219
2021-05-14,-0.005732,0.006216
2021-05-17,0.008179,-0.011026
2021-05-18,0.020712,-0.016245
2021-05-19,0.015742,-0.00957
2021-05-20,-0.001664,0.005564
2021-05-21,0.001977,0.014713
2021-05-24,0.000842,0.000429
2021-05-25,0.007474,0.004448
2021-05-26,-0.011835,0.018027
2021-05-27,-0.000797,-0.013132
2021-05-28,0.003402,-0.002472
2021-05-31,0.003683,-0.017223
2021-06-01,-0.008259,-0.021951
2021-06-02,-0.009392,-0.006652
2021-06-03,-0.002144,-0.004114
2021-06-04,-0.001624,-0.007403
2021-06-07,0.00041,0.007094
2021-06-08,0.022204,-7e-05
2021-06-09,0.002551,-0.023772
2021-06-10,-0.012058,-0.00061
2021-06-11,0.000837,-0.003723
2021-06-14,0.006053,-0.01353
2021-06-15,0.002747,0.005961
2021-06-16,0.006337,0.020287
2021-06-17,-0.000323,0.001148
2021-06-18,-0.005467,-0.039103
2021-06-21,-0.000521,-0.012633
2021-06-22,-0.001809,0.002674
2021-06-23,0.00417,0.015497
2021-06-24,-0.003191,0.001397
2021-06-25,-0.004724,0.009475
2021-06-28,0.007823,0.001557
2021-06-29,-0.00174,-0.008498
2021-06-30,0.005403,-0.009395
2021-07-01,-0.00622,-0.010325
2021-07-02,-0.002156,9.1e-05
2021-07-05,0.004264,-0.006005
2021-07-06,0.006207,0.006098
2021-07-07,-0.006418,0.003764
2021-07-08,-0.00229,-0.011531
2021-07-09,0.004797,-0.001878
2021-07-12,-0.005241,0.009495
2021-07-13,0.008756,-0.029761
2021-07-14,0.004774,0.00298
2021-07-15,0.011065,-0.010337
2021-07-16,-0.009233,-0.002293
2021-07-19,0.011009,-0.004174
2021-07-20,0.001478,0.001401
2021-07-21,0.007127,0.006565
2021-07-22,-0.001729,-0.004112
2021-07-23,-6.7e-05,0.001074
2021-07-26,0.004874,0.010565
2021-07-27,0.000993,0.013188
2021-07-28,-0.004454,-0.008715
2021-07-29,-0.002467,0.013671
2021-07-30,0.001866,0.002698
2021-08-02,-0.00056,-0.011641
2021-08-03,0.003921,0.004835
2021-08-04,-0.014035,0.009245
2021-08-05,-0.00462,0.002128
2021-08-06,0.003772,-0.003594
2021-08-09,0.011128,0.009953
2021-08-10,-0.004464,-0.012032
2021-08-11,0.004212,0.001314
2021-08-12,0.000488,-0.004346
2021-08-13,0.012334,-0.023343
2021-08-16,0.025694,-0.002253
2021-08-17,0.010963,0.002012
2021-08-18,0.002931,0.001005
2021-08-19,-0.004256,-0.009559
2021-08-20,-0.001962,-0.020865
2021-08-23,0.004202,-0.011491
2021-08-24,0.011713,0.014951
2021-08-25,-0.005035,0.01137
2021-08-26,-0.007186,-0.006346
2021-08-27,0.012541,0.005279
2021-08-30,-0.008052,0.005952
2021-08-31,-0.003223,-0.013472
2021-09-01,0.013491,-0.00118
2021-09-02,-4.6e-05,0.008587
2021-09-03,0.000789,-0.003256
2021-09-06,-0.015478,0.012478
2021-09-07,0.009321,0.002577
2021-09-08,0.000434,0.018117
2021-09-09,0.014119,0.005142
2021-09-10,0.003798,-0.017837
2021-09-13,0.009957,0.004926
2021-09-14,-0.00134,0.004321
2021-09-15,-0.007778,0.009356
2021-09-16,0.003583,0.014319
2021-09-17,-0.002018,0.009632
2021-09-20,0.006853,-0.003222
2021-09-21,0.01116,0.001036
2021-09-22,-0.018904,0.005181
2021-09-23,0.003363,0.001088
2021-09-24,-0.001789,0.007141
2021-09-27,-0.007264,0.006586
2021-09-28,-0.004629,-0.005615
2021-09-29,-0.016753,-0.005834
2021-09-30,0.008689,-0.003324
2021-10-01,-0.001826,0.010665
2021-10-04,0.001731,-0.003059
2021-10-05,0.020661,0.010862
2021-10-06,0.032517,0.001546
2021-10-07,0.010291,-0.002513
2021-10-08,-0.009759,0.006176
2021-10-11,0.002985,-0.000486
2021-10-12,-0.006966,0.003614
2021-10-13,0.002382,-0.003329
2021-10-14,-0.005671,0.007976
2021-10-15,-0.020263,-0.004048
2021-10-18,-0.000669,0.002964
2021-10-19,0.006718,0.014989
2021-10-20,-0.016337,0.008472
2021-10-21,0.001805,-0.005763
2021-10-22,-0.004403,0.010504
2021-10-25,0.007498,0.011902
2021-10-26,-0.020098,-0.002099
2021-10-27,0.008261,0.017845
2021-10-28,0.009661,0.000954
2021-10-29,-0.001932,-0.007996
2021-11-01,0.004941,-0.002451
2021-11-02,0.003358,0.00192
2021-11-03,0.010729,0.006824
2021-11-04,0.003746,0.002411
2021-11-05,0.013811,0.007494
2021-11-08,-0.013014,0.010055
2021-11-09,0.013819,0.011648
2021-11-10,-0.002245,0.047623
2021-11-11,0.006866,-0.014222
2021-11-12,0.011423,-0.001241
2021-11-15,0.001658,0.000728
2021-11-16,0.0049,-0.007287
2021-11-17,-0.001515,0.000805
2021-11-18,0.007799,0.008733
2021-11-19,-0.010419,-0.002327
2021-11-22,0.004092,-0.000433
2021-11-23,-0.008078,0.002679
2021-11-24,-0.007706,0.002948
2021-11-25,-0.015443,-0.004183
2021-11-26,0.012883,0.014004
2021-11-29,0.006432,0.004949
2021-11-30,-0.007475,0.002568
2021-12-01,-0.000123,0.003965
2021-12-02,0.004168,0.001825
2021-12-03,0.00772,-0.012405
2021-12-06,-0.001211,-0.002455
2021-12-07,0.006192,0.000759
2021-12-08,-0.003109,0.001881
2021-12-09,0.013759,0.001739
2021-12-10,-0.000384,0.026423
2021-12-13,-0.011488,-0.000878
2021-12-14,0.005513,0.008797
2021-12-15,0.010787,-0.010623
2021-12-16,-0.021852,-0.002045
2021-12-17,-0.015956,0.003292
2021-12-20,0.00036,0.00074
2021-12-21,0.000828,0.002452
2021-12-22,0.009919,0.001895
2021-12-23,0.005169,0.057867
2021-12-24,0.003457,-0.009503
2021-12-27,-0.00253,0.004856
2021-12-28,-0.002076,0.017262
2021-12-29,0.005949,-0.003901
2021-12-30,0.001932,-0.000638
2021-12-31,0.004733,0.015106
2022-01-03,-0.006866,-0.006937
2022-01-04,0.004229,-0.010687
2022-01-05,0.004599,-0.010376
2022-01-06,0.008309,-0.004441
2022-01-07,-0.035891,-0.00109
2022-01-10,-0.001691,-0.012582
2022-01-11,0.000482,-0.010942
2022-01-12,-0.010074,0.006457
2022-01-13,0.018632,-0.003632
2022-01-14,0.001733,0.006115
2022-01-17,-0.011975,0.0
2022-01-18,0.003201,0.008568
2022-01-19,-0.000566,-0.000716
2022-01-20,-0.000456,0.004494
2022-01-21,-0.003489,0.00082
2022-01-24,0.001531,-0.000377
2022-01-25,0.009004,0.005152
2022-01-26,0.01548,0.012371
2022-01-27,-0.003143,-0.005616
2022-01-28,0.005066,0.021053
2022-01-31,-0.002326,-0.008214
2022-02-01,-0.00867,0.007012
2022-02-02,0.018187,0.007247
2022-02-03,0.002087,-0.003941
2022-02-04,0.011551,0.002949
2022-02-07,-0.019108,0.009437
2022-02-08,-0.002008,0.016951
2022-02-09,-0.005927,-0.010292
2022-02-10,-0.011832,-0.017259
2022-02-11,0.010352,-0.006738
2022-02-14,-0.002037,-0.005081
2022-02-15,0.003783,0.00761
2022-02-16,-0.006693,-0.002156
2022-02-17,-0.005056,-0.020801
2022-02-18,0.005142,-0.004498
2022-02-21,-0.0087,-0.015822
2022-02-22,-0.001296,0.010708
2022-02-23,-0.005088,-0.004029
2022-02-24,0.000571,0.007464
2022-02-25,-0.010315,0.004592
2022-02-28,-0.016468,0.005064
2022-03-01,-0.007993,0.002394
2022-03-02,0.012013,0.046105
2022-03-03,-0.00368,0.01348
2022-03-04,0.004088,0.003867
2022-03-07,-0.000945,0.007605
2022-03-08,0.000181,-0.001419
2022-03-09,0.002169,0.007834
2022-03-10,-0.000267,0.009216
2022-03-11,0.010238,-0.011627
2022-03-14,-0.003204,0.00963
2022-03-15,0.003333,-0.004959
2022-03-16,0.012052,-0.000976
2022-03-17,-0.003906,0.005669
2022-03-18,-0.004946,-0.003169
2022-03-21,-0.012557,0.00464
2022-03-22,-0.012293,-0.011406
2022-03-23,0.003666,0.003346
2022-03-24,-0.001456,0.006484
2022-03-25,-0.012757,-0.000256
2022-03-28,-0.012764,0.009455
2022-03-29,0.002592,0.007217
2022-03-30,0.004399,-5.6e-05
2022-03-31,0.008674,0.006351
2022-04-01,-0.009318,0.002788
2022-04-04,0.002432,-0.003465
2022-04-05,-0.011697,0.002303
2022-04-06,-0.008221,0.026699
2022-04-07,-0.002224,0.003547
2022-04-08,0.005524,-0.002677
2022-04-11,0.022642,-0.012098
2022-04-12,-0.001547,-0.000773
2022-04-13,-0.004021,0.006787
2022-04-14,0.010387,0.008958
2022-04-15,0.003697,0.02301
2022-04-18,5.7e-05,-0.00797
2022-04-19,0.000119,0.01363
2022-04-20,0.002458,-0.001323
2022-04-21,0.00901,-0.001003
2022-04-22,0.014553,0.003978
2022-04-25,-0.004694,0.001869
2022-04-26,-0.002898,0.026113
2022-04-27,-0.005259,-0.000713
2022-04-28,0.004215,0.02551
2022-04-29,0.002103,0.01182
2022-05-02,0.003716,-0.001074
2022-05-03,-0.002566,0.002169
2022-05-04,-0.009124,-0.002528
2022-05-05,0.019384,0.016775
2022-05-06,0.003219,-0.003111
2022-05-09,-0.001529,-0.011397
2022-05-10,0.002423,0.007219
2022-05-11,-0.000104,-0.003119
2022-05-12,-0.008516,-0.01133
2022-05-13,0.00146,-0.021823
2022-05-16,-0.006715,-0.002679
2022-05-17,0.004204,0.002982
2022-05-18,0.021724,0.010226
2022-05-19,0.002217,0.014957
2022-05-20,-0.007661,-0.007285
2022-05-23,-0.008043,0.003495
2022-05-24,0.005342,0.001542
2022-05-25,-0.002542,-0.012599
2022-05-26,0.001074,-0.005292
2022-05-27,0.005211,-0.002274
2022-05-30,-0.003592,0.009693
2022-05-31,0.010879,0.000329
2022-06-01,-0.005444,0.000988
2022-06-02,0.001331,-0.005432
2022-06-03,0.006921,-0.002965
2022-06-06,0.00814,-0.001516
2022-06-07,0.008144,0.017306
2022-06-08,-0.006538,0.003447
2022-06-09,3.7e-05,0.000601
2022-06-10,-0.00651,0.013102
2022-06-13,0.003494,0.001354
2022-06-14,0.001898,-0.024174
2022-06-15,0.01048,0.000328
2022-06-16,-0.004512,0.004453
2022-06-17,0.003169,-0.004944
2022-06-20,-0.003381,-0.004881
2022-06-21,0.006772,0.00427
2022-06-22,-0.004429,-0.005425
2022-06-23,0.00019,0.0143
2022-06-24,-0.01204,0.006504
2022-06-27,-0.00603,-0.002069
2022-06-28,0.012342,-0.00385
2022-06-29,-0.00191,0.004226
2022-06-30,0.005604,-0.011492
2022-07-01,-0.00816,-0.011862
2022-07-04,-0.0158,-0.006685
2022-07-05,-0.00181,0.016465
2022-07-06,-4.2e-05,-0.005618
2022-07-07,-0.00135,0.020569
2022-07-08,-0.007783,0.003343
2022-07-11,0.010153,0.018751
2022-07-12,-0.004525,-0.002913
2022-07-13,-0.001164,0.007801
2022-07-14,-0.00188,0.001236
2022-07-15,0.001077,-0.007413
2022-07-18,0.004837,-0.000111
2022-07-19,-0.002465,0.007368
2022-07-20,0.015132,-0.008187
2022-07-21,-0.004039,0.007481
2022-07-22,-0.023066,0.004454
2022-07-25,0.009206,0.009932
2022-07-26,-0.015199,-0.01038
2022-07-27,0.014802,0.009106
2022-07-28,0.006125,-0.004223
2022-07-29,-0.004237,0.008214
2022-08-01,0.035999,-0.007297
2022-08-02,0.003788,-0.00085
2022-08-03,-0.016788,-0.000543
2022-08-04,-0.00849,0.011875
2022-08-05,-0.000492,0.013383
2022-08-08,0.009791,-0.030444
2022-08-09,0.001233,-0.008067
2022-08-10,0.009044,0.00133
2022-08-11,-0.010937,-0.00726
2022-08-12,0.011263,9.3e-05
2022-08-15,0.003639,0.001561
2022-08-16,0.002173,-0.005553
2022-08-17,-0.000242,-0.008112
2022-08-18,-3.2e-05,0.006162
2022-08-19,-0.004257,0.008237
2022-08-22,-0.006515,-0.004525
2022-08-23,-0.00137,0.000231
2022-08-24,0.005091,0.035215
2022-08-25,-0.008478,0.008704
2022-08-26,0.001343,-0.01016
2022-08-29,0.006275,-0.000977
2022-08-30,0.005761,0.00154
2022-08-31,0.002469,-0.003498
2022-09-01,-0.00021,-0.007652
2022-09-02,0.01015,-0.009652
2022-09-05,-0.001281,0.011556
2022-09-06,0.004989,0.019466
2022-09-07,0.005095,0.010433
2022-09-08,-0.008027,0.003211
2022-09-09,-0.010454,-0.017459
2022-09-12,-0.006551,-0.032943
2022-09-13,-0.006303,-0.003045
2022-09-14,-0.003339,0.006049
2022-09-15,-0.00117,-0.002273
2022-09-16,0.004454,0.008874
2022-09-19,0.002219,0.000895
2022-09-20,0.002496,0.001614
2022-09-21,-0.011432,0.010873
2022-09-22,-0.006754,0.017631
2022-09-23,-0.001422,-0.011272
2022-09-26,-0.006802,0.007888
2022-09-27,-0.001252,0.020856
2022-09-28,-0.005162,0.016007
2022-09-29,0.001345,-0.002272
2022-09-30,0.005029,0.002913
2022-10-03,0.001481,0.003854
2022-10-04,0.006796,0.003537
2022-10-05,0.010947,0.028115
2022-10-06,-0.003299,0.0177
2022-10-07,-0.00166,0.008178
2022-10-10,0.00085,0.003301
2022-10-11,-0.000643,0.009408
2022-10-12,-0.009204,-0.008692
2022-10-13,-0.000212,-0.004751
2022-10-14,0.000984,0.010306
2022-10-17,-0.0075,0.002163
2022-10-18,-0.001074,0.007471
2022-10-19,-0.005861,0.001295
2022-10-20,0.002329,0.008951
2022-10-21,0.002608,0.000574
2022-10-24,-0.002509,-0.008168
2022-10-25,-0.009045,0.016238
2022-10-26,-0.002846,-0.012298
2022-10-27,0.024288,0.013402
2022-10-28,-0.000311,-0.001962
2022-10-31,0.013947,0.003582
2022-11-01,0.003137,-0.015061
2022-11-02,-0.009653,-2.4e-05
2022-11-03,0.000773,-0.004187
2022-11-04,-0.003828,0.002934
2022-11-07,0.000796,-0.009839
2022-11-08,-0.000147,-0.008732
2022-11-09,-0.005012,0.000617
2022-11-10,-0.005722,-0.022571
2022-11-11,0.008471,9.3e-05
2022-11-14,0.014298,0.008803
2022-11-15,0.001807,-0.002181
2022-11-16,-0.006126,0.008549
2022-11-17,-0.008616,0.009269
2022-11-18,-0.004959,-0.016599
2022-11-21,0.001127,0.00316
2022-11-22,-0.004106,-0.004524
2022-11-23,0.02015,0.005471
2022-11-24,0.007311,0.015017
2022-11-25,0.001125,-0.011904
2022-11-28,0.001238,0.029617
2022-11-29,-0.002385,0.006602
2022-11-30,-0.000742,-0.033389
2022-12-01,0.002084,0.019189
2022-12-02,0.004811,0.012594
2022-12-05,0.005274,-0.005686
2022-12-06,0.014149,0.01437
2022-12-07,0.001697,0.003935
2022-12-08,0.001098,-0.014362
2022-12-09,0.003947,0.013415
2022-12-12,-0.001824,-0.019244
2022-12-13,-0.011246,0.007942
2022-12-14,-0.000366,0.02024
2022-12-15,0.000404,-0.003417
2022-12-16,0.001569,0.000144
2022-12-19,-0.005309,-0.000311
2022-12-20,-0.002492,-0.004348
2022-12-21,-0.001027,0.002848
2022-12-22,0.013505,-0.003114
2022-12-23,0.002119,-0.001657
2022-12-26,0.000297,-0.011399
2022-12-27,-0.007832,0.000977
2022-12-28,-0.001736,0.002841
2022-12-29,0.02235,0.000728
2022-12-30,0.027331,-0.010956
2023-01-02,-0.007911,-0.005173
2023-01-03,-0.006733,-0.001694
2023-01-04,-0.011421,-0.044582
2023-01-05,0.016543,-0.005719
2023-01-06,-0.008527,-0.018843
2023-01-09,-0.001773,0.015642
2023-01-10,-0.00258,-0.006625
2023-01-11,-0.004794,0.002725
2023-01-12,-0.00771,0.010088
2023-01-13,-0.00047,-0.009859
2023-01-16,-0.003199,0.039024
2023-01-17,-0.000188,0.006609
2023-01-18,-0.003662,0.00272
2023-01-19,0.007197,0.015387
2023-01-20,0.0159,-0.002242
2023-01-23,-0.000147,0.001677
2023-01-24,-0.002509,-0.018389
2023-01-25,-0.013163,0.0002
2023-01-26,0.017962,-0.006708
2023-01-27,-0.00889,0.010801
2023-01-30,-0.00345,-0.005957
2023-01-31,-0.001175,0.008707
2023-02-01,0.011158,-0.014928
2023-02-02,0.008405,0.004006
2023-02-03,0.001278,-0.012575
2023-02-06,-0.00032,0.00377
2023-02-07,0.00454,0.000569
2023-02-08,0.002207,-0.006434
2023-02-09,-0.000187,-0.003837
2023-02-10,0.004715,0.015223
2023-02-13,0.004452,-0.006828
2023-02-14,-0.000784,0.010976
2023-02-15,0.001217,-0.000539
2023-02-16,-0.00175,0.008715
2023-02-17,-0.002781,0.007215
2023-02-20,-0.001684,0.018583
2023-02-21,-0.002597,0.009394
2023-02-22,0.001838,0.002856
2023-02-23,-0.008552,-0.004565
2023-02-24,-0.004918,-0.006689
2023-02-27,0.002849,0.017355
2023-02-28,-0.003137,0.007042
2023-03-01,-0.002169,0.011683
2023-03-02,0.000912,-0.028043
2023-03-03,0.000852,0.002105
2023-03-06,-0.006408,0.006841
2023-03-07,0.006867,-0.006721
2023-03-08,-0.013357,-0.001332
2023-03-09,0.008879,-0.023005
2023-03-10,0.010389,0.001644
2023-03-13,0.007592,0.002404
2023-03-14,-0.002189,-0.008803
2023-03-15,-0.005562,-0.01854
2023-03-16,0.015253,-0.007029
2023-03-17,0.095306,0.011667
2023-03-20,0.00135,0.010324
2023-03-21,-0.000731,0.012083
2023-03-22,-0.008019,0.000111
2023-03-23,0.00254,-0.001287
2023-03-24,-0.002206,-0.017545
2023-03-27,0.007146,-0.001815
2023-03-28,-0.001632,-0.035494
2023-03-29,0.00635,0.002189
2023-03-30,-0.003951,-0.001873
2023-03-31,-0.000418,-0.003285
2023-04-03,0.00334,0.006992
2023-04-04,0.002284,0.000296
2023-04-05,-0.000548,0.003604
2023-04-06,0.002969,-0.008221
2023-04-07,-0.005234,0.000732
2023-04-10,-0.006463,-0.00577
2023-04-11,0.002155,0.013019
2023-04-12,-0.006622,0.003219
2023-04-13,-0.011502,-0.003738
2023-04-14,0.002567,-0.001939
2023-04-17,0.002806,0.009358
2023-04-18,0.020432,-0.007695
2023-04-19,0.002131,-0.000489
2023-04-20,0.001956,-0.01221
2023-04-21,-0.016052,-0.002919
2023-04-24,0.003741,0.003126
2023-04-25,0.001955,-0.022137
2023-04-26,-0.004567,0.007366
2023-04-27,0.003901,0.019438
2023-04-28,-0.007887,-0.008799
2023-05-01,-0.00243,-0.00948
2023-05-02,-0.000588,0.011243
2023-05-03,-0.003395,-0.00617
2023-05-04,-0.005091,0.007666
2023-05-05,0.007157,0.005293
2023-05-08,-0.018076,-0.001678
2023-05-09,0.002037,-0.00049
2023-05-10,0.0002,0.016307
2023-05-11,-0.018805,-0.006394
2023-05-12,0.016822,-0.024907
2023-05-15,0.003256,0.001579
2023-05-16,-0.010994,0.032798
2023-05-17,-0.003341,0.000142
2023-05-18,-0.000639,0.004764
2023-05-19,0.010153,-0.017427
2023-05-22,0.018777,-0.008207
2023-05-23,-0.008968,-0.006418
2023-05-24,0.009306,-0.008913
2023-05-25,9e-05,0.011738
2023-05-26,-0.00369,0.01395
2023-05-29,0.000306,0.037243
2023-05-30,-0.004004,0.003261
2023-05-31,-0.001927,-0.001017
2023-06-01,0.006027,-0.003576
2023-06-02,-0.008211,0.004247
2023-06-05,0.006692,-0.00095
2023-06-06,0.005349,-0.009479
2023-06-07,0.002218,-0.006288
2023-06-08,-0.002418,-0.003957
2023-06-09,-0.002384,0.006046
2023-06-12,-0.015614,0.003434
2023-06-13,0.002674,0.009924
2023-06-14,-0.000278,0.012535
2023-06-15,-0.001881,0.01235
2023-06-16,0.013193,-0.010398
2023-06-19,-0.003955,-0.004827
2023-06-20,0.003922,-0.001086
2023-06-21,-0.004727,-0.01752
2023-06-22,-0.01232,0.013504
2023-06-23,-0.004211,0.00133
2023-06-26,0.004466,0.006045
2023-06-27,-1e-06,-0.001896
2023-06-28,-0.005675,0.000368
2023-06-29,0.037696,0.011819
2023-06-30,0.00462,-0.010373
2023-07-03,-0.002503,-0.000293
2023-07-04,-0.008679,-0.010717
2023-07-05,-0.002653,-0.006166
2023-07-06,0.003483,-0.003152
2023-07-07,0.001109,-0.007412
2023-07-10,0.000992,0.01164
2023-07-11,-0.004785,0.029949
2023-07-12,-0.00702,-0.013173
2023-07-13,0.008333,0.003395
2023-07-14,-0.001097,-0.008625
2023-07-17,-0.004748,0.001548
2023-07-18,-0.013835,0.001331
2023-07-19,-0.008344,-0.002752
2023-07-20,0.013901,0.013863
2023-07-21,-0.006425,0.006468
2023-07-24,0.010071,0.011908
2023-07-25,0.021173,0.00314
2023-07-26,-0.000737,-0.008437
2023-07-27,0.008788,0.004805
2023-07-28,-0.008461,0.003258
2023-07-31,-0.005896,-0.014365
2023-08-01,0.002621,-0.007762
2023-08-02,0.005765,0.006445
2023-08-03,-0.009426,0.005411
2023-08-04,-0.002194,-0.002071
2023-08-07,-0.001518,0.006201
2023-08-08,-0.016023,0.005401
2023-08-09,0.001292,-0.011248
2023-08-10,-0.004065,0.009749
2023-08-11,0.005852,-0.008317
2023-08-14,0.008414,-0.002209
2023-08-15,-0.007601,0.012215
2023-08-16,-0.01721,0.015434
2023-08-17,0.001549,0.012282
2023-08-18,-0.005448,-0.005259
2023-08-21,0.002165,-0.02149
2023-08-22,-0.003221,0.007256
2023-08-23,0.005746,-0.00616
2023-08-24,-0.010312,0.002481
2023-08-25,-0.001668,0.00489
2023-08-28,0.006968,0.017271
2023-08-29,0.003112,-0.019799
2023-08-30,0.006941,0.007097
2023-08-31,0.009632,0.00628
2023-09-01,-0.011618,-0.004635
2023-09-04,0.006526,-0.008161
2023-09-05,0.000997,0.006264
2023-09-06,-0.009375,-0.000319
2023-09-07,0.006222,0.006328
2023-09-08,-0.001904,-0.000498
2023-09-11,0.006253,0.01452
2023-09-12,0.000123,-0.00689
2023-09-13,0.000773,0.026879
2023-09-14,0.006911,-0.000203
2023-09-15,0.018278,0.00347
2023-09-18,0.008246,-0.003389
2023-09-19,0.007373,-0.001744
2023-09-20,0.001732,0.008225
2023-09-21,0.003317,0.000482
2023-09-22,0.003096,0.002906
2023-09-25,0.007059,0.002604
2023-09-26,-0.006176,0.009279
2023-09-27,0.01298,-0.002845
2023-09-28,0.005193,-0.010784
2023-09-29,0.000917,0.001787
2023-10-02,-0.004278,-0.012256
2023-10-03,-0.001551,0.001586
2023-10-04,-0.002572,0.009015
2023-10-05,-0.037948,0.018371
2023-10-06,0.000345,-0.015177
2023-10-09,-0.015793,-0.004216
2023-10-10,0.005791,-1.7e-05
2023-10-11,-0.010447,-0.004303
2023-10-12,0.028924,0.004803
2023-10-13,-0.006416,-0.003682
2023-10-16,-0.003562,-0.010527
2023-10-17,-0.004656,0.001017
2023-10-18,-0.017357,0.009034
2023-10-19,0.005759,-0.006358
2023-10-20,0.007042,-0.029896
2023-10-23,-0.010064,-4.1e-05
2023-10-24,-0.008035,-0.003253
2023-10-25,-0.002538,0.017526
2023-10-26,-0.008046,-0.009771
2023-10-27,0.0037,-0.010724
2023-10-30,-0.013758,-0.009254
2023-10-31,0.020791,-0.006531
2023-11-01,-0.006788,-0.015241
2023-11-02,-0.010148,-0.000597
2023-11-03,-0.002322,0.012077
2023-11-06,-0.012662,-0.002811
2023-11-07,-0.004808,-0.028128
2023-11-08,-3.2e-05,0.008914
2023-11-09,0.022651,-0.000674
2023-11-10,0.013484,0.008533
2023-11-13,0.015227,0.001104
2023-11-14,-5.9e-05,-0.021594
2023-11-15,-0.001199,-0.00112
2023-11-16,-0.018031,0.00465
2023-11-17,0.007379,-0.00264
2023-11-20,0.002485,-0.021612
2023-11-21,-0.011521,0.003004
2023-11-22,0.00088,0.05041
2023-11-23,0.002725,-0.004604
2023-11-24,-0.001973,0.007199
2023-11-27,0.005793,-0.01241
2023-11-28,0.034011,-0.009949
2023-11-29,-0.009394,-0.001231
2023-11-30,0.005135,-0.019296
2023-12-01,-0.001226,0.015017
2023-12-04,0.001642,0.01258
2023-12-05,0.002154,-0.000355
2023-12-06,0.007532,-0.00729
2023-12-07,-0.005734,-0.00349
2023-12-08,0.00524,0.001913
2023-12-11,0.00195,-0.003267
2023-12-12,0.004323,0.001575
2023-12-13,0.004018,-0.000853
2023-12-14,0.015605,0.000459
2023-12-15,-0.006988,-0.000165
2023-12-18,0.008245,0.005328
2023-12-19,-0.00079,0.007146
2023-12-20,-0.011286,0.004984
2023-12-21,-0.008921,-0.005873
2023-12-22,-0.000886,0.007135
2023-12-25,0.005368,1.5e-05
2023-12-26,-0.008634,0.005722
2023-12-27,0.004958,0.004287
2023-12-28,0.000557,0.008924
2023-12-29,0.018564,0.011917
2024-01-01,-0.004454,0.003849
2024-01-02,0.004695,-0.006978
2024-01-03,0.006076,-0.005062
2024-01-04,0.001392,0.004678
2024-01-05,-0.005317,-0.000809
2024-01-08,-0.028536,0.005788
2024-01-09,-0.000871,-0.038018
2024-01-10,0.00811,0.002892
2024-01-11,-0.029748,0.001244
2024-01-12,0.008606,0.001796
2024-01-15,-0.009303,-0.000574
2024-01-16,0.003813,0.016596
2024-01-17,-0.006427,-2.5e-05
2024-01-18,0.013898,-0.023238
2024-01-19,0.005284,0.006737
2024-01-22,0.01445,0.010247
2024-01-23,0.00097,0.010303
2024-01-24,-0.003257,0.017154
2024-01-25,0.006881,0.020411
2024-01-26,0.010201,-0.002013
2024-01-29,-0.007541,0.003297
2024-01-30,-0.001101,-0.007332
2024-01-31,-0.001777,-0.004603
2024-02-01,0.000219,-0.001386
2024-02-02,0.006436,-0.004931
2024-02-05,-0.005552,0.006823
2024-02-06,-0.001536,0.00297
2024-02-07,0.000411,-0.005689
2024-02-08,0.000808,0.015159
2024-02-09,0.003229,0.00169
2024-02-12,0.002174,0.001602
2024-02-13,0.000223,0.0185
2024-02-14,0.00432,-0.015456
2024-02-15,0.004535,0.002286
2024-02-16,-0.003733,-0.001093
2024-02-19,-0.013869,0.002546
2024-02-20,-0.003001,-0.012224
2024-02-21,0.005522,0.028441
2024-02-22,-0.000379,-0.013441
2024-02-23,-0.010568,-0.00377
2024-02-26,-0.010044,-0.003773
2024-02-27,-0.009964,0.006109
2024-02-28,0.005474,0.014894
2024-02-29,0.000851,-0.002052
2024-03-01,0.005265,-0.002636
2024-03-04,-0.000798,-0.014821
2024-03-05,0.00083,-0.028993
2024-03-06,-0.010268,0.014487
2024-03-07,-0.002789,0.125955
2024-03-08,-0.001934,-0.021108
2024-03-11,0.012162,0.014688
2024-03-12,0.004704,-0.000262
2024-03-13,-0.003279,0.018709
2024-03-14,-0.002777,-0.005666
2024-03-15,-0.006608,-0.004196
2024-03-18,0.001049,0.012085
2024-03-19,0.012178,0.003855
2024-03-20,0.001409,0.000339
2024-03-21,0.002969,0.005059
2024-03-22,0.000295,0.010245
2024-03-25,-0.002724,0.026382
2024-03-26,-0.004704,0.008869
2024-03-27,0.008016,0.007779
2024-03-28,-0.001541,-0.001652
2024-03-29,0.001389,0.009027
2024-04-01,-0.013482,0.007323
2024-04-02,0.002707,-0.007728
2024-04-03,-0.002743,-0.013387
2024-04-04,-0.005344,0.005417
2024-04-05,-0.007439,0.012599
2024-04-08,-0.001312,-0.010241
2024-04-09,-9.1e-05,-0.018554
2024-04-10,-0.010145,-0.010909
2024-04-11,0.004059,-0.008953
2024-04-12,-0.007259,-0.008944
2024-04-15,-0.005986,-0.003394
2024-04-16,-0.001417,-0.006217
2024-04-17,0.001048,-0.021245
2024-04-18,-0.000925,0.001119
2024-04-19,0.002085,0.011131
2024-04-22,0.014983,0.022536
2024-04-23,-0.005838,0.0018
2024-04-24,-0.00177,0.005479
2024-04-25,0.004963,0.000744
2024-04-26,0.007369,-0.000944
2024-04-29,-0.005481,-0.008403
2024-04-30,-0.002025,-0.0051
2024-05-01,0.005433,0.002671
2024-05-02,-0.006005,0.002307
2024-05-03,0.00205,-0.01796
2024-05-06,0.008487,-0.004296
2024-05-07,0.010503,0.002565
2024-05-08,-0.002035,0.011642
2024-05-09,-0.01058,-0.000499
2024-05-10,0.012361,0.010267
2024-05-13,1.6e-05,0.00123
2024-05-14,-0.001341,0.007553
2024-05-15,-0.016505,-0.013629
2024-05-16,-0.009941,-0.009495
2024-05-17,0.005743,0.001301
2024-05-20,-0.001988,0.001239
2024-05-21,0.011752,0.002074
2024-05-22,-7.7e-05,-0.009735
2024-05-23,-0.006871,0.000745
2024-05-24,-0.014669,-0.00353
2024-05-27,-0.007156,-0.001898
2024-05-28,0.01367,0.000457
2024-05-29,-0.003084,0.006624
2024-05-30,-0.000477,0.006108
2024-05-31,-0.003233,-0.006092
2024-06-03,0.007694,0.009072
2024-06-04,0.000873,0.001351
2024-06-05,0.007338,-0.007769
2024-06-06,-0.019414,0.009621
2024-06-07,0.00248,-0.002991
2024-06-10,0.002967,0.017844
2024-06-11,0.003782,-0.008541
2024-06-12,0.015338,-0.003386
2024-06-13,0.008766,0.024675
2024-06-14,0.000579,0.008821
2024-06-17,0.002616,-0.013804
2024-06-18,-0.000414,0.000593
2024-06-19,-0.008659,-0.007572
2024-06-20,-0.004768,-0.005537
2024-06-21,0.009206,0.010682
2024-06-24,-0.003646,0.008646
2024-06-25,0.000557,0.0323
2024-06-26,0.006253,-0.000533
2024-06-27,-0.003141,0.001747
2024-06-28,-0.007883,-0.026402
2024-07-01,-0.01835,0.007231
2024-07-02,-0.005173,-0.006458
2024-07-03,0.006476,-0.003365
2024-07-04,-0.000886,-0.015623
2024-07-05,-0.006363,-0.013745
2024-07-08,0.004423,0.003318
2024-07-09,-0.009998,0.002307
2024-07-10,0.015397,0.001612
2024-07-11,0.009381,0.008886
2024-07-12,0.004945,-0.007495
2024-07-15,-0.002369,0.023257
2024-07-16,-0.001005,-2.5e-05
2024-07-17,0.001233,0.004066
2024-07-18,-0.004486,0.007944
2024-07-19,0.001528,-0.008217
2024-07-22,-0.008694,0.001566
2024-07-23,-0.022162,-0.00406
2024-07-24,-0.026392,0.008675
2024-07-25,-0.00145,-0.002736
2024-07-26,0.005376,0.000731
2024-07-29,-0.005325,-0.006014
2024-07-30,-0.012768,-0.005457
2024-07-31,0.022265,0.006112
2024-08-01,0.007732,-0.024303
2024-08-02,-0.004838,-0.001292
2024-08-05,0.000252,0.014791
2024-08-06,0.007512,-0.002269
2024-08-07,-0.012073,-0.004626
2024-08-08,0.004233,0.012958
2024-08-09,0.000405,0.004381
2024-08-12,0.005768,-0.002686
2024-08-13,0.001017,0.008552
2024-08-14,-0.01041,0.009543
2024-08-15,-0.003929,-0.011883
2024-08-16,0.00437,-0.000212
2024-08-19,0.007366,-0.004515
2024-08-20,0.00708,-0.022445
2024-08-21,-0.008226,-0.002053
2024-08-22,-0.009196,0.004853
2024-08-23,0.003259,-0.008851
2024-08-26,0.012441,0.000631
2024-08-27,-0.007699,-0.005924
2024-08-28,0.019327,-0.02007
2024-08-29,-0.008082,-0.00047
2024-08-30,0.007675,-0.021214
2024-09-02,0.009364,0.002694
2024-09-03,0.028146,-0.003916
2024-09-04,-0.00244,-0.006006
2024-09-05,-0.014999,-0.012025
2024-09-06,-0.012744,0.001316
2024-09-09,0.000103,-0.004367
2024-09-10,0.002024,0.008946
2024-09-11,0.001671,-0.012246
2024-09-12,-0.003737,-0.051069
2024-09-13,-0.008377,-0.014602
2024-09-16,-0.008447,-0.00724
2024-09-17,-0.004074,-0.005935
2024-09-18,-0.005416,0.001628
2024-09-19,0.009574,-0.00287
2024-09-20,0.014337,-0.006535
2024-09-23,0.001649,0.007522
2024-09-24,0.002439,-0.010505
2024-09-25,-0.007344,0.002069
2024-09-26,-0.001655,0.001538
2024-09-27,-0.014035,0.006436
2024-09-30,0.005909,-0.00209
2024-10-01,0.009752,-0.000283
2024-10-02,0.01121,-0.005009
2024-10-03,0.00018,0.003985
2024-10-04,-0.000494,0.031115
2024-10-07,0.009654,-0.026878
2024-10-08,0.004447,-0.021558
2024-10-09,0.005628,0.003157
2024-10-10,0.015834,-0.004485
2024-10-11,-0.003251,-0.004412
2024-10-14,-0.005579,0.011507
2024-10-15,0.000692,0.005019
2024-10-16,-0.002021,0.032934
2024-10-17,0.000139,0.008776
2024-10-18,0.005075,0.033684
2024-10-21,-0.008331,-0.012606
2024-10-22,-0.002183,-0.00056
2024-10-23,-0.000934,0.002641
2024-10-24,0.003237,-0.002877
2024-10-25,0.000504,-0.019952
2024-10-28,0.004686,-0.011152
2024-10-29,-0.00192,-0.005852
2024-10-30,0.001161,0.005074
2024-10-31,0.002494,0.000356
2024-11-01,-0.000803,0.007671
2024-11-04,0.01097,0.001541
2024-11-05,-0.013794,0.005533
2024-11-06,-0.006423,-6.5e-05
2024-11-07,-0.002131,-0.009781
2024-11-08,0.003877,-0.00374
2024-11-11,-0.004929,-0.010292
2024-11-12,-0.004761,0.01026
2024-11-13,0.006201,0.010356
2024-11-14,0.005533,0.011684
2024-11-15,0.005915,-0.006399
2024-11-18,-0.001902,-0.004324
2024-11-19,0.005428,-0.002043
2024-11-20,0.004167,0.015101
2024-11-21,0.004844,0.00532
2024-11-22,-0.003164,0.013758
2024-11-25,-0.001516,0.009285
2024-11-26,-0.006795,-0.002788
2024-11-27,-0.007259,0.005973
2024-11-28,0.005693,-0.006368
2024-11-29,-0.010287,0.016902
2024-12-02,-0.009888,-0.022782
2024-12-03,-0.011087,0.004706
2024-12-04,-0.006461,-0.011379
2024-12-05,-0.011056,0.000253
2024-12-06,-0.004633,0.002959
2024-12-09,0.006189,-0.000157
2024-12-10,0.006359,0.023661
2024-12-11,0.006765,0.015977
2024-12-12,-0.013129,0.016317
2024-12-13,-0.000972,0.004219
2024-12-16,0.020629,0.010148
2024-12-17,0.001739,0.020839
2024-12-18,0.000303,0.009954
2024-12-19,-0.011188,0.004737
2024-12-20,-0.007293,-0.013087
2024-12-23,0.002911,-0.006972
2024-12-24,0.004752,-0.01331
2024-12-25,0.00505,-0.009771
2024-12-26,0.007973,0.004931
2024-12-27,0.000439,-0.013114
2024-12-30,0.008672,-0.004645
2024-12-31,-0.008892,-0.009346
2025-01-01,-0.000527,-0.002672
2025-01-02,0.011208,0.00744
2025-01-03,-0.001231,0.013276
2025-01-06,-0.023501,-0.008775
2025-01-07,0.005191,-0.003517
2025-01-08,-0.004132,0.011625
2025-01-09,-0.000125,0.009173
2025-01-10,0.003165,-0.001612
2025-01-13,0.006614,-0.01018
2025-01-14,0.004937,0.000903
2025-01-15,-0.003123,-0.013102
2025-01-16,0.007267,-0.008532
2025-01-17,-0.000147,-0.005539
2025-01-20,0.007524,0.002114
2025-01-21,-0.008167,0.014982
2025-01-22,0.00486,0.001592
2025-01-23,0.00096,0.007033
2025-01-24,-0.005237,-0.002112
2025-01-27,-0.005778,-0.021372
2025-01-28,0.001592,0.005704
2025-01-29,0.008587,0.008574
2025-01-30,0.007903,0.003612
2025-01-31,-0.001022,0.01416
2025-02-03,0.003161,-0.009367
2025-02-04,-0.006659,-0.000813
2025-02-05,0.001398,-0.002654
2025-02-06,0.001191,-0.00778
2025-02-07,0.001476,0.010562
2025-02-10,0.00261,-0.014164
2025-02-11,0.00856,-0.007575
2025-02-12,0.001801,-0.003999
2025-02-13,-0.000554,-0.016467
2025-02-14,-0.004177,-0.019437
2025-02-17,0.002612,0.000434
2025-02-18,-0.003025,0.009921
2025-02-19,0.01045,-0.013441
2025-02-20,-0.001912,0.002155
2025-02-21,0.004818,-0.003208
2025-02-24,-0.007613,-0.005005
2025-02-25,-0.012638,-0.014938
2025-02-26,-0.004322,-0.015785
2025-02-27,-0.003315,-0.006541
2025-02-28,-0.000277,0.00176
2025-03-03,0.014197,0.015247
2025-03-04,-0.002532,0.007453
2025-03-05,0.00627,-0.01243
2025-03-06,-0.012359,0.005821
2025-03-07,0.004497,-0.001528
2025-03-10,0.001518,-0.003091
2025-03-11,-0.002312,-0.00158
2025-03-12,0.004792,0.005789
2025-03-13,-0.002279,-0.000253
2025-03-14,0.001575,-0.010529
2025-03-17,0.008974,0.005106
2025-03-18,0.008369,0.000932
2025-03-19,-0.002233,-0.022674
2025-03-20,-0.004428,-0.012258
2025-03-21,-4.1e-05,0.001749
2025-03-24,0.014592,0.006452
2025-03-25,-0.008737,-0.010399
2025-03-26,-0.002192,-0.0138
2025-03-27,0.000797,0.004547
2025-03-28,0.000961,-0.001628
2025-03-31,-0.000639,-0.004236
2025-04-01,-0.006774,0.016642
2025-04-02,-0.002819,0.00372
2025-04-03,0.006062,0.00086
2025-04-04,0.013741,-0.008324
2025-04-07,0.006563,0.005642
2025-04-08,-0.002276,0.018865
2025-04-09,-0.005124,0.009466
2025-04-10,-0.001169,0.026242
2025-04-11,-0.006069,-0.01202
2025-04-14,0.01356,-0.012064
2025-04-15,0.014059,-0.01825
2025-04-16,-0.002075,0.017663
2025-04-17,0.008569,-0.011159
2025-04-18,-0.007555,0.000556
2025-04-21,-0.003731,0.021047
2025-04-22,-0.007431,0.008098
2025-04-23,0.013853,0.000741
2025-04-24,-0.0047,-0.017771
2025-04-25,0.005413,-0.000842
2025-04-28,0.010177,-0.005844
2025-04-29,-0.008396,-0.00095
2025-04-30,-0.009318,0.025073
2025-05-01,-0.005439,0.006439
2025-05-02,-0.00921,-0.004793
2025-05-05,-0.005077,0.018882
2025-05-06,0.00621,0.001534
2025-05-07,-0.002548,0.001277
2025-05-08,-0.004765,0.0056
2025-05-09,-0.005869,-0.01085
2025-05-12,-0.00331,0.001043
2025-05-13,0.008482,0.001434
2025-05-14,-0.006975,0.002447
2025-05-15,-0.013173,-0.002318
2025-05-16,-0.005708,0.014321
2025-05-19,-0.002439,-0.000598
2025-05-20,0.004498,-0.002143
2025-05-21,-0.004903,0.012062
2025-05-22,0.000141,-0.004439
2025-05-23,0.008451,-0.001184
2025-05-26,0.002658,0.000364
2025-05-27,-0.001785,-0.006134
2025-05-28,-0.005474,0.002797
2025-05-29,-0.006354,0.001797
2025-05-30,-0.004223,-0.034973
2025-06-02,0.001534,-0.005641
2025-06-03,0.001132,0.000203
2025-06-04,0.003287,-0.000147
2025-06-05,0.005864,0.00912
2025-06-06,0.002069,-0.003107
2025-06-09,0.005592,0.003113
2025-06-10,-0.002754,0.008306
2025-06-11,-0.007027,-0.002965
2025-06-12,0.00662,-0.016854
2025-06-13,0.010139,0.004621
2025-06-16,-0.024259,-0.000818
2025-06-17,-0.009434,0.008754
2025-06-18,-0.004565,-0.001793
2025-06-19,-0.002601,0.009715
2025-06-20,0.00457,0.009002
2025-06-23,-0.000488,0.006158
2025-06-24,0.003074,0.021392
2025-06-25,-0.007661,-0.005087
2025-06-26,-0.007344,-0.003265
2025-06-27,-0.005321,-0.002515
2025-06-30,-0.004087,-0.001117
2025-07-01,-0.007536,0.003343
2025-07-02,0.00856,0.007493
2025-07-03,-0.008338,-0.00366
2025-07-04,0.004439,-0.001762
2025-07-07,-0.001768,0.004165
2025-07-08,0.002299,0.000766
2025-07-09,-0.000601,0.004602
2025-07-10,0.010902,0.002508
2025-07-11,0.000333,-0.00508
2025-07-14,0.030806,0.01119
2025-07-15,-0.000902,0.017693
2025-07-16,0.005005,0.0062
2025-07-17,0.00125,0.000229
2025-07-18,-0.012931,-0.005638
2025-07-21,-0.011973,0.009225
2025-07-22,0.000484,-0.01036
2025-07-23,-0.003235,0.000217
2025-07-24,2.2e-05,-0.01121
2025-07-25,0.000796,0.006143
2025-07-28,0.006468,-0.016139
2025-07-29,-0.018485,0.000417
2025-07-30,0.005423,-0.002789
2025-07-31,0.001058,-0.003439
2025-08-01,0.001603,-0.004448
2025-08-04,0.004532,0.006176
2025-08-05,-0.001532,-0.009504
2025-08-06,0.009345,-0.00194
2025-08-07,0.002406,0.016396
2025-08-08,-0.001933,0.000296
2025-08-11,0.007925,0.014211
2025-08-12,0.007929,-0.011308
2025-08-13,-0.002026,0.00038
2025-08-14,-0.013045,-0.016403
2025-08-15,0.000892,-0.001038
2025-08-18,-0.005988,-0.001546
2025-08-19,-0.005455,-0.000438
2025-08-20,0.001175,0.008808
2025-08-21,0.002406,-0.014649
2025-08-22,-0.020121,-0.007493
2025-08-25,0.006654,0.020397
2025-08-26,-0.007704,-0.002496
2025-08-27,-0.004923,0.000608
2025-08-28,-0.012899,-0.007975
2025-08-29,0.005336,-0.001759
2025-09-01,-0.002018,0.020341
2025-09-02,0.006894,-0.008623
2025-09-03,-0.00471,-0.009297
2025-09-04,-0.001294,-0.009204
2025-09-05,-0.00779,-0.007586
2025-09-08,0.007802,-0.011251
2025-09-09,0.005293,0.000608
2025-09-10,-0.002349,0.001756
2025-09-11,-0.005705,0.019636
2025-09-12,-0.004488,0.000172
2025-09-15,-0.009252,0.014713
2025-09-16,-0.017719,0.011594
2025-09-17,0.002115,-0.001731
2025-09-18,0.00157,0.010775
2025-09-19,-0.003564,0.011379
2025-09-22,0.000858,0.019096
2025-09-23,-0.004614,0.00174
2025-09-24,-0.008039,-0.004529
2025-09-25,-0.000217,-0.011219
2025-09-26,0.003763,-0.001326
2025-09-29,-0.004185,-0.003178
2025-09-30,-0.006748,-0.000158
2025-10-01,0.013418,-0.016466
2025-10-02,-0.003334,0.011192
2025-10-03,-0.001279,0.025068
2025-10-06,0.002602,0.004802
2025-10-07,-0.010664,0.000112
2025-10-08,-0.009819,-0.004075
2025-10-09,-0.007108,0.008494
2025-10-10,0.001968,-0.01523
2025-10-13,-0.002151,0.014505
2025-10-14,-0.000175,-0.020975
2025-10-15,-0.011631,0.004954
2025-10-16,0.007547,-0.006418
2025-10-17,0.026525,0.002754
2025-10-20,-0.004416,-0.007215
2025-10-21,0.003754,0.00826
2025-10-22,-0.00108,0.002573
2025-10-23,0.01556,-0.007304
2025-10-24,-0.000168,0.007346
2025-10-27,-0.004465,0.005995
2025-10-28,-0.012504,-0.00804
2025-10-29,0.010189,0.010428
2025-10-30,0.003575,0.020309
2025-10-31,0.001248,0.004965
2025-11-03,0.001644,0.007618
2025-11-04,-0.004945,0.020513
2025-11-05,-0.002008,-0.00735
2025-11-06,-0.007731,-0.000999
2025-11-07,-0.002958,-0.003449
2025-11-10,-0.011063,-0.018238
2025-11-11,0.001188,-0.005681
2025-11-12,5.9e-05,0.009852
2025-11-13,-0.004433,-0.019705
2025-11-14,-0.000598,-0.004285
2025-11-17,-0.002028,-0.006442
2025-11-18,-0.002344,-0.005574
2025-11-19,0.016389,-0.013878
2025-11-20,0.012698,0.00461
2025-11-21,-0.006117,-0.005968
2025-11-24,-0.003234,0.006411
2025-11-25,0.008717,0.004554
2025-11-26,0.00615,-0.002337
2025-11-27,-0.007006,0.002572
2025-11-28,0.003111,0.02013
2025-12-01,0.000705,-0.002097
2025-12-02,-0.001985,0.004896
2025-12-03,-0.011341,-0.002346
2025-12-04,-0.0037,-0.002735
2025-12-05,0.001167,-0.016459
2025-12-08,0.007453,-0.000751
2025-12-09,-0.00491,-0.010787
2025-12-10,0.000315,0.002281
2025-12-11,0.010573,-0.004544
2025-12-12,-0.003703,0.021121
