Date,Brent 25D Strangle
01/01/2016,5.943414220828328
04/01/2016,-0.8066514782771794
05/01/2016,0.3106190082135117
06/01/2016,-1.5815691953325723
07/01/2016,-1.197624049879822
08/01/2016,0.1818306662051646
11/01/2016,-2.8085856140112244
12/01/2016,-3.1862141691552024
13/01/2016,4.515886696433832
14/01/2016,1.5458251268329506
15/01/2016,-2.0806935279918224
18/01/2016,4.211327824140905
19/01/2016,-0.1268241970834858
20/01/2016,6.492578927790202
21/01/2016,4.849307594576516
22/01/2016,5.762428312973189
25/01/2016,6.599336875875802
26/01/2016,-6.037112619333395
27/01/2016,-3.280100381164522
28/01/2016,9.694303656266456
29/01/2016,3.179667115623298
01/02/2016,2.19962489963917
02/02/2016,-3.4431947960639
03/02/2016,2.291661740921776
04/02/2016,3.311438690885005
05/02/2016,0.766454082851227
08/02/2016,0.66026065926048
09/02/2016,-1.0671492752452385
10/02/2016,-0.0716122339759074
11/02/2016,-3.048601534007881
12/02/2016,0.4739658189451498
15/02/2016,1.0870696162107685
16/02/2016,2.6543147444453505
17/02/2016,-0.2300671507874374
18/02/2016,3.3580038386648887
19/02/2016,1.939117523345395
22/02/2016,3.401340132840041
23/02/2016,-6.946805040452903
24/02/2016,-2.8412834642286304
25/02/2016,0.7645696917920027
26/02/2016,0.3595284173806166
29/02/2016,-5.012512125131825
01/03/2016,3.15638064896506
02/03/2016,-4.176879724493978
03/03/2016,3.8231020668503017
04/03/2016,0.6741515758330952
07/03/2016,-2.6303060422053863
08/03/2016,-0.914063027603112
09/03/2016,-1.14817981470395
10/03/2016,3.5194753283197677
11/03/2016,2.6751539142032463
14/03/2016,-3.8795733670989145
15/03/2016,5.448867243258731
16/03/2016,-8.337603253207213
17/03/2016,-2.158397865880003
18/03/2016,6.997169377595033
21/03/2016,2.760214342534129
22/03/2016,-2.085312536725357
23/03/2016,-1.356190677361396
24/03/2016,3.694083843451409
25/03/2016,-7.765345980244557
28/03/2016,5.35424932063937
29/03/2016,-1.7263195147878316
30/03/2016,-4.202458398303296
31/03/2016,-4.877280068749332
01/04/2016,0.1900178741274364
04/04/2016,0.5976694902975151
05/04/2016,-0.7699498806563702
06/04/2016,1.919337796058646
07/04/2016,-1.9543276500398925
08/04/2016,0.6118463719174244
11/04/2016,5.363006884817709
12/04/2016,-0.7768110527194341
13/04/2016,-4.128836170847753
14/04/2016,-0.6392652620308756
15/04/2016,1.757836043322743
18/04/2016,0.614128565109824
19/04/2016,-3.3207326660816423
20/04/2016,-3.1914342510619207
21/04/2016,1.348023199425515
22/04/2016,1.1099028423090385
25/04/2016,-1.3188769155792146
26/04/2016,-2.427693995651326
27/04/2016,-2.4478989056739917
28/04/2016,-0.5500117182072691
29/04/2016,-0.8480577972114842
02/05/2016,0.0163694378767752
03/05/2016,0.6614721709174123
04/05/2016,0.7634568036029815
05/05/2016,-1.8956441460482896
06/05/2016,2.949339801434196
09/05/2016,0.0859664344305456
10/05/2016,-2.6249987413497515
11/05/2016,-4.043278888653184
12/05/2016,5.194786750625985
13/05/2016,-0.5935311315561911
16/05/2016,-0.4827926576226468
17/05/2016,-4.300403697929892
18/05/2016,-1.0055575530890597
19/05/2016,2.438081981176072
20/05/2016,-2.5376574841122514
23/05/2016,0.7356963153602328
24/05/2016,-1.2727162458825825
25/05/2016,-3.2070194180729987
26/05/2016,-1.6906629284576018
27/05/2016,-2.425010265634036
30/05/2016,-6.703764432854205
31/05/2016,-3.560258081168903
01/06/2016,2.9988828796729448
02/06/2016,4.653571474595237
03/06/2016,0.5938717168109785
06/06/2016,-2.656140336969293
07/06/2016,0.6461119109871631
08/06/2016,-4.435111972546742
09/06/2016,-1.0728306915853802
10/06/2016,1.1480852378559714
13/06/2016,-0.8358165353332069
14/06/2016,-4.135278356056325
15/06/2016,-3.80737821460089
16/06/2016,2.2481270361702226
17/06/2016,3.060697004681331
20/06/2016,-1.4688831686678905
21/06/2016,-3.0580868170518274
22/06/2016,1.6905076970391306
23/06/2016,1.0780491763313984
24/06/2016,-1.207358974766506
27/06/2016,-0.4915484555518807
28/06/2016,-5.852464108641685
29/06/2016,0.0042567384472073
30/06/2016,1.9392067959952144
01/07/2016,-4.8154941326948535
04/07/2016,-0.1552449536861573
05/07/2016,2.02510420877083
06/07/2016,1.0454707365138725
07/07/2016,2.462025234205906
08/07/2016,0.2739199345748863
11/07/2016,-0.3169518125563764
12/07/2016,-0.9795624653315624
13/07/2016,-5.402728598682838
14/07/2016,-3.297035580674975
15/07/2016,0.59777245528185
18/07/2016,1.8668954856178168
19/07/2016,-5.213548240429843
20/07/2016,0.5371392792086993
21/07/2016,0.5125860206183809
22/07/2016,3.2068761356003974
25/07/2016,-1.7252830672899304
26/07/2016,-1.4003025192091507
27/07/2016,3.111654748128596
28/07/2016,-2.8830790749903428
29/07/2016,2.3696533264687583
01/08/2016,5.041955009773094
02/08/2016,1.476589566784304
03/08/2016,0.3553237817272402
04/08/2016,1.8719398206887243
05/08/2016,-3.8876378568849903
08/08/2016,-0.1485401168362222
09/08/2016,3.699278832501542
10/08/2016,1.222128806187293
11/08/2016,-0.4945598322520556
12/08/2016,-3.4136050434372605
15/08/2016,2.9419342992513986
16/08/2016,2.356901374736708
17/08/2016,-1.0643824788029566
18/08/2016,-2.2931768608330736
19/08/2016,-3.1118569059455914
22/08/2016,-1.9646068166414907
23/08/2016,-2.544937439583994
24/08/2016,4.060645439152899
25/08/2016,0.5296947334196724
26/08/2016,4.189272256496057
29/08/2016,-5.207972482338224
30/08/2016,-2.961770679617968
31/08/2016,0.7851519561098269
01/09/2016,-0.2602936663912833
02/09/2016,6.944906037977081
05/09/2016,-2.2384720379268104
06/09/2016,-0.3362803355160061
07/09/2016,4.6434207454134
08/09/2016,5.776757815436946
09/09/2016,-0.1985722512449573
12/09/2016,1.785368933438812
13/09/2016,-0.2911880887825375
14/09/2016,0.910259506051426
15/09/2016,-2.820370846814672
16/09/2016,1.9999657603479708
19/09/2016,-4.564772865889832
20/09/2016,-2.4209277009496493
21/09/2016,4.97059006941426
22/09/2016,1.7364993361785683
23/09/2016,2.0909207156239478
26/09/2016,-3.7176971629209934
27/09/2016,0.2548871401569829
28/09/2016,7.01247046673724
29/09/2016,0.213661221631225
30/09/2016,-0.0116145557446969
03/10/2016,0.1407657030271355
04/10/2016,-1.9447004196388475
05/10/2016,-0.1934146838367959
06/10/2016,3.136236133355559
07/10/2016,-2.625317859190946
10/10/2016,-5.397972527548042
11/10/2016,1.8542666245825603
12/10/2016,-2.1985991023690303
13/10/2016,-2.850394961004721
14/10/2016,0.4821717124489949
17/10/2016,3.226941004312404
18/10/2016,2.281300704653391
19/10/2016,2.961385853634402
20/10/2016,1.0604053264564826
21/10/2016,-0.4995434418950625
24/10/2016,1.4230978467670554
25/10/2016,-3.437862030539077
26/10/2016,7.207865373913437
27/10/2016,-0.4232066546264943
28/10/2016,-1.6729259688551124
31/10/2016,1.827479284568808
01/11/2016,-0.8190837971341729
02/11/2016,1.827737147712294
03/11/2016,3.7966959027883536
04/11/2016,2.48800863489324
07/11/2016,1.9935270036281736
08/11/2016,-2.2048466912691422
09/11/2016,-2.7869452142108075
10/11/2016,-0.2860135006950142
11/11/2016,0.6097236368049213
14/11/2016,1.149597209369079
15/11/2016,-1.421730997452679
16/11/2016,2.7083140949673803
17/11/2016,-2.047206210192254
18/11/2016,2.42010034944154
21/11/2016,2.1111295180875094
22/11/2016,-0.3466384168559361
23/11/2016,3.681551606619662
24/11/2016,-6.6719276296774
25/11/2016,-0.742240812612395
28/11/2016,5.449052310764057
29/11/2016,-1.5006200166518229
30/11/2016,-2.964901036005134
01/12/2016,2.092980123527155
02/12/2016,-2.2326580363525834
05/12/2016,-2.8907946803657687
06/12/2016,1.490435593304119
07/12/2016,1.396415404012444
08/12/2016,-2.042597814325128
09/12/2016,-1.2432539414256287
12/12/2016,-1.1690579748807275
13/12/2016,2.866520010924644
14/12/2016,0.0422602362829667
15/12/2016,4.969619721868467
16/12/2016,-2.209976227183725
19/12/2016,1.52642785543805
20/12/2016,0.1998816677417271
21/12/2016,-1.8010739632989252
22/12/2016,-0.0931502234774173
23/12/2016,-0.075561847436623
26/12/2016,-5.53172128445506
27/12/2016,1.3394306006084242
28/12/2016,3.2273613705758217
29/12/2016,-6.55691404107645
30/12/2016,-1.084756725027035
02/01/2017,0.2584284681425406
03/01/2017,-2.180959124958843
04/01/2017,0.0640131831413445
05/01/2017,-1.7330700789161817
06/01/2017,-1.753092163106542
09/01/2017,-3.261500672327969
10/01/2017,0.8170446903217667
11/01/2017,-4.120729440199076
12/01/2017,-0.2567047334412824
13/01/2017,-1.2626545807054472
16/01/2017,-2.1498988012180438
17/01/2017,0.9307776724420472
18/01/2017,0.8270728350728129
19/01/2017,-2.260427135667819
20/01/2017,-2.110175295117888
23/01/2017,5.251153637511342
24/01/2017,-0.1712328023919978
25/01/2017,2.322848004562124
26/01/2017,-5.7199905205297865
27/01/2017,2.811365811171984
30/01/2017,-5.778052903487351
31/01/2017,-3.6944760653569193
01/02/2017,-0.676610447587112
02/02/2017,-0.6466493594706448
03/02/2017,6.005209878454068
06/02/2017,-0.5050644256866185
07/02/2017,0.1902057519273756
08/02/2017,1.0990998738530084
09/02/2017,0.5594938343453564
10/02/2017,-5.814628056046314
13/02/2017,-1.3725834197108526
14/02/2017,1.0873225973009577
15/02/2017,-0.1042337555007428
16/02/2017,2.271999027814481
17/02/2017,3.014435749727703
20/02/2017,-4.414703918239374
21/02/2017,0.3853177957213998
22/02/2017,2.3922797486163505
23/02/2017,5.422839561753343
24/02/2017,-2.5557401832061557
27/02/2017,-0.9982017505239348
28/02/2017,-2.036999740714815
01/03/2017,-2.419143170275199
02/03/2017,-4.60187686266072
03/03/2017,5.945424180061474
06/03/2017,-0.5732631214156263
07/03/2017,-0.8832099363321784
08/03/2017,3.916423652669665
09/03/2017,-3.602206491444356
10/03/2017,2.3024118607094386
13/03/2017,4.060838142920748
14/03/2017,0.6594774375294853
15/03/2017,-0.1038319087064638
16/03/2017,4.013562392489829
17/03/2017,1.4261136438303978
20/03/2017,-3.3930733670014237
21/03/2017,-6.5193518614105415
22/03/2017,-3.093159416001483
23/03/2017,0.2596228125185265
24/03/2017,-5.871207734357058
27/03/2017,1.6994607423311976
28/03/2017,3.880828914184464
29/03/2017,-4.001897183032812
30/03/2017,-0.4162704267942212
31/03/2017,-3.3084372537078885
03/04/2017,2.246219883255256
04/04/2017,3.4274098934148696
05/04/2017,-3.0581984349789275
06/04/2017,-3.421218776410912
07/04/2017,-1.993960712443412
10/04/2017,1.1448673444685418
11/04/2017,3.647428587020394
12/04/2017,4.076039465239742
13/04/2017,1.8968684629336727
14/04/2017,0.6022891220685744
17/04/2017,-1.6927124718804298
18/04/2017,-1.0441135838872415
19/04/2017,-0.4897445077302758
20/04/2017,6.670034839076816
21/04/2017,1.1202424931817787
24/04/2017,0.4319382415827416
25/04/2017,0.1874956707539359
26/04/2017,4.5905081042815725
27/04/2017,-1.6269101346918924
28/04/2017,1.2772496116723158
01/05/2017,-3.9868178198288864
02/05/2017,5.833045662006587
03/05/2017,-0.6372456627364528
04/05/2017,-0.8612189033165232
05/05/2017,-2.6252908166407867
08/05/2017,-2.149678712101169
09/05/2017,2.246645008390903
10/05/2017,5.014187044177008
11/05/2017,-3.38004507238794
12/05/2017,-4.988632736808283
15/05/2017,0.852877995546575
16/05/2017,1.6176668879312714
17/05/2017,0.7954603343498787
18/05/2017,5.392738950863608
19/05/2017,-3.08575189025616
22/05/2017,2.524560358391984
23/05/2017,-1.5013970991236787
24/05/2017,-3.390009311329308
25/05/2017,-1.2034583668376253
26/05/2017,-2.466744514335346
29/05/2017,0.1598958035461874
30/05/2017,-3.0731592497496294
31/05/2017,-0.0422216709618872
01/06/2017,-1.2639625807604744
02/06/2017,6.781907774602596
05/06/2017,1.523940303531301
06/06/2017,2.796314221520734
07/06/2017,2.0528552945089658
08/06/2017,-0.7014847221966789
09/06/2017,-0.0135801664090296
12/06/2017,1.6033329439746542
13/06/2017,-3.364717288233213
14/06/2017,-1.8488470335867155
15/06/2017,-6.876819140687623
16/06/2017,-5.413230635498245
19/06/2017,-0.56896322488902
20/06/2017,4.87378381108095
21/06/2017,-1.0613279995063034
22/06/2017,0.319786742644048
23/06/2017,-1.5897868738387622
26/06/2017,1.4294814525655666
27/06/2017,1.1403807697340846
28/06/2017,0.1719497457821596
29/06/2017,3.36711155251548
30/06/2017,-1.0990549660582924
03/07/2017,2.5065779281280687
04/07/2017,-1.4608776112635593
05/07/2017,2.5309391043682585
06/07/2017,4.299469334515232
07/07/2017,0.3326814032781278
10/07/2017,-2.995939624332621
11/07/2017,-1.6375987999102288
12/07/2017,4.035837622654622
13/07/2017,-0.7413677519368387
14/07/2017,-2.016466009149049
17/07/2017,-5.496885329539244
18/07/2017,3.655993572546056
19/07/2017,-4.3933997913767335
20/07/2017,-0.6588685192502468
21/07/2017,2.080998915018092
24/07/2017,-3.663879022683521
25/07/2017,-0.9524620262785606
26/07/2017,-2.935914196080469
27/07/2017,3.653301785187905
28/07/2017,-4.058172754442009
31/07/2017,1.4701253605697802
01/08/2017,4.001569409463379
02/08/2017,1.04079770049241
03/08/2017,0.8285189052298347
04/08/2017,2.0782073070567
07/08/2017,7.007180279710061
08/08/2017,-1.5706874951944578
09/08/2017,1.7847474501876637
10/08/2017,2.744323380783444
11/08/2017,-0.8632349746184546
14/08/2017,0.8564706604449077
15/08/2017,2.025368501090997
16/08/2017,0.8930290224779608
17/08/2017,0.4585477428565984
18/08/2017,-2.5210569292282274
21/08/2017,0.6849998651496907
22/08/2017,1.7598863843137855
23/08/2017,-0.8147231692690458
24/08/2017,-0.2782753573979775
25/08/2017,5.354018178359933
28/08/2017,2.424103687271745
29/08/2017,-0.2770318768155139
30/08/2017,2.375609311563261
31/08/2017,-0.3688084337299301
01/09/2017,2.8166468696322484
04/09/2017,3.603782518048832
05/09/2017,0.5174353144282057
06/09/2017,1.8446325698337904
07/09/2017,0.3239621124251544
08/09/2017,2.5048619732076034
11/09/2017,0.7007196131130324
12/09/2017,-8.170370197308607
13/09/2017,-5.116216737385709
14/09/2017,-1.3102033031041165
15/09/2017,-2.169310958496156
18/09/2017,-1.3432000782066311
19/09/2017,-4.5508872312145
20/09/2017,-0.7231012420059095
21/09/2017,-4.245897302179641
22/09/2017,1.6053559891934113
25/09/2017,0.5117201388442337
26/09/2017,-0.9823361963951291
27/09/2017,-3.980009650004425
28/09/2017,5.576973588662215
29/09/2017,2.4306500604091608
02/10/2017,2.612979613693227
03/10/2017,-0.9993897161081672
04/10/2017,3.418860474023589
05/10/2017,0.0082004239142748
06/10/2017,0.2878994929052205
09/10/2017,-4.260702173839242
10/10/2017,-0.9719891469942372
11/10/2017,-3.474500686349514
12/10/2017,0.0304354247296255
13/10/2017,-3.122134883275912
16/10/2017,7.568203301893449
17/10/2017,2.122252518235273
18/10/2017,1.4323772648891713
19/10/2017,5.374472862400764
20/10/2017,-5.305009148296034
23/10/2017,3.786183341700176
24/10/2017,2.998126247914192
25/10/2017,1.5710904142364457
26/10/2017,-9.402391515691638
27/10/2017,-7.216747581717503
30/10/2017,-5.230446277581708
31/10/2017,-2.3076362503306083
01/11/2017,1.250282963038587
02/11/2017,1.8084437429876368
03/11/2017,-0.9980101040004796
06/11/2017,2.346242806933839
07/11/2017,-1.7336754943326735
08/11/2017,1.8721879727650803
09/11/2017,-5.871913154505435
10/11/2017,-4.35814066418008
13/11/2017,-1.535729725871389
14/11/2017,1.439718410869009
15/11/2017,-3.7370382959398585
16/11/2017,-1.6098773133475992
17/11/2017,2.4842341117922464
20/11/2017,-0.3407593494363235
21/11/2017,2.72604981378253
22/11/2017,2.653417062380339
23/11/2017,-0.596216423855368
24/11/2017,-1.0618103388224895
27/11/2017,2.2042709664650646
28/11/2017,0.5466345437202221
29/11/2017,-5.139663082119144
30/11/2017,1.119324471158092
01/12/2017,-0.106216008072057
04/12/2017,-2.28693387196263
05/12/2017,3.0798065522344635
06/12/2017,1.8813965304812863
07/12/2017,1.352182229141977
08/12/2017,-6.283937904072206
11/12/2017,-7.573083314524332
12/12/2017,-2.2936173428670856
13/12/2017,-0.2591082783751567
14/12/2017,-1.766730652170375
15/12/2017,-1.140439054056467
18/12/2017,-1.0854190578945415
19/12/2017,-3.0996619477785403
20/12/2017,-0.0421885734339079
21/12/2017,0.250541860983992
22/12/2017,-0.711114345845773
25/12/2017,-4.285198987323942
26/12/2017,-1.2937061328066168
27/12/2017,-5.929436278592066
28/12/2017,7.405834355225931
29/12/2017,1.8677771336070688
01/01/2018,4.898029361337381
02/01/2018,0.7711372372671312
03/01/2018,2.749705437755091
04/01/2018,5.042594452888323
05/01/2018,-0.1049874369227422
08/01/2018,2.0132125133123813
09/01/2018,3.3133237312198878
10/01/2018,-3.563308235585924
11/01/2018,-2.5055367626254066
12/01/2018,0.8053577568827825
15/01/2018,-5.658110883770051
16/01/2018,-0.7368157335830554
17/01/2018,1.7203808576468735
18/01/2018,1.1231326532848849
19/01/2018,-4.073141537813532
22/01/2018,-1.4589238736345471
23/01/2018,4.999833887005021
24/01/2018,0.981465416190117
25/01/2018,-3.3918008289275337
26/01/2018,3.498446496348194
29/01/2018,-3.524713287626197
30/01/2018,0.8204320572823851
31/01/2018,3.095575102213126
01/02/2018,-4.5339812139877935
02/02/2018,1.6892092060815649
05/02/2018,0.5706669982012018
06/02/2018,4.888338159160847
07/02/2018,3.83141324807648
08/02/2018,-1.0895311768481255
09/02/2018,-2.381897265225492
12/02/2018,0.2011069834603787
13/02/2018,-0.2927221065301481
14/02/2018,-2.839035498460926
15/02/2018,0.6906672172020232
16/02/2018,2.702629753109134
19/02/2018,-1.3962248548044194
20/02/2018,-0.2671471363185108
21/02/2018,0.122937180610333
22/02/2018,-2.8576938608228586
23/02/2018,3.3396885443928936
26/02/2018,-4.226626699200603
27/02/2018,-1.1737294766911155
28/02/2018,2.4295120094971363
01/03/2018,-1.9688217490645696
02/03/2018,-2.3185205120570123
05/03/2018,-4.016521840883085
06/03/2018,-1.2801003071621455
07/03/2018,1.8842207082212277
08/03/2018,-1.127690702178228
09/03/2018,6.191711231438234
12/03/2018,3.647144566328863
13/03/2018,-3.054524805515187
14/03/2018,6.562350316262764
15/03/2018,2.2401299584208534
16/03/2018,-0.1515799675813147
19/03/2018,-1.2869408836358862
20/03/2018,-4.428288280322979
21/03/2018,0.9666665171320163
22/03/2018,6.727872430272639
23/03/2018,-0.4751235809804298
26/03/2018,-1.8851684853955688
27/03/2018,3.42153209934596
28/03/2018,-1.9262194439305351
29/03/2018,0.5532650588524091
30/03/2018,-0.1672256094042647
02/04/2018,-4.132779892715417
03/04/2018,-1.2751427586808504
04/04/2018,4.530950379220424
05/04/2018,-3.0818806763650626
06/04/2018,-0.4314875403226625
09/04/2018,4.0712754344215965
10/04/2018,-1.205405422834319
11/04/2018,-2.1855821687028785
12/04/2018,3.842456309013427
13/04/2018,-2.604998310337783
16/04/2018,2.648995443902557
17/04/2018,2.1631273985908885
18/04/2018,0.9146930567932255
19/04/2018,0.4052962241331288
20/04/2018,-2.60267026534684
23/04/2018,-1.065958161928641
24/04/2018,-4.411550683317869
25/04/2018,-6.046562085984456e-05
26/04/2018,-3.4055998057719394
27/04/2018,1.68837687552559
30/04/2018,-4.267660110887842
01/05/2018,-4.609384182200857
02/05/2018,-2.1478607750947294
03/05/2018,0.429664554304197
04/05/2018,8.105759672187178
07/05/2018,1.6756393557158442
08/05/2018,3.6674787721267688
09/05/2018,0.0520488763647835
10/05/2018,-0.0806855758280589
11/05/2018,-1.8788850702653608
14/05/2018,-2.1490978372859737
15/05/2018,-5.031597397426687
16/05/2018,-3.7194347833188575
17/05/2018,0.9705888929570924
18/05/2018,-5.664741289134994
21/05/2018,-2.462485682736302
22/05/2018,2.0675555618426977
23/05/2018,-7.9041284226882595
24/05/2018,5.56315589732737
25/05/2018,1.06320774758641
28/05/2018,-0.7796093760818024
29/05/2018,5.032427408577628
30/05/2018,0.5798918946204713
31/05/2018,-3.2543640229195763
01/06/2018,1.380895291250566
04/06/2018,-0.7183065830578335
05/06/2018,-5.1289403987448585
06/06/2018,-4.819095260049646
07/06/2018,1.1759723952629628
08/06/2018,2.190951570685616
11/06/2018,-2.348723671853067
12/06/2018,1.2576629303414797
13/06/2018,-1.5767318580060463
14/06/2018,-4.624415434376132
15/06/2018,2.7745018176572565
18/06/2018,0.7617046088691162
19/06/2018,-0.410721066882375
20/06/2018,1.71010295099794
21/06/2018,-4.315558207959087
22/06/2018,0.7392651353628701
25/06/2018,1.7066635516165418
26/06/2018,-0.669240688204482
27/06/2018,1.817734977418704
28/06/2018,-2.0090564796605976
29/06/2018,-1.6337244398159976
02/07/2018,-6.430804729587218
03/07/2018,4.707375110350491
04/07/2018,-0.4044831530173828
05/07/2018,3.9654916448089232
06/07/2018,-2.418641432607188
09/07/2018,1.7360373460827638
10/07/2018,1.5922955368094462
11/07/2018,1.534515327338696
12/07/2018,5.40262942612799
13/07/2018,0.276845978068643
16/07/2018,1.1278837723127315
17/07/2018,-7.446060385429942
18/07/2018,-6.97171516907442
19/07/2018,-0.3165003207174675
20/07/2018,-3.987182210740815
23/07/2018,-7.279140772576753
24/07/2018,-0.1071346440191988
25/07/2018,1.266417535627407
26/07/2018,3.305572199496551
27/07/2018,1.6367952355390851
30/07/2018,1.2314464623644867
31/07/2018,-0.8052941149534489
01/08/2018,2.750692135330577
02/08/2018,-0.9727017142314168
03/08/2018,3.630426594488844
06/08/2018,-8.026886922796232
07/08/2018,-1.4817991171976577
08/08/2018,-0.99721564272447
09/08/2018,6.529496126408116
10/08/2018,-1.8026370282827904
13/08/2018,-0.7206355903163744
14/08/2018,-2.1138509781111696
15/08/2018,1.9391336652681408
16/08/2018,0.5576710518497041
17/08/2018,-3.0756222194967853
20/08/2018,0.8204850603783718
21/08/2018,-2.252038867702145
22/08/2018,0.3596148916772029
23/08/2018,-0.849641812249207
24/08/2018,2.3799567292166315
27/08/2018,-2.6322950925040605
28/08/2018,0.1026052834654721
29/08/2018,2.8964724501561374
30/08/2018,-0.4472969954683907
31/08/2018,-0.907319805950442
03/09/2018,2.4853124461539613
04/09/2018,-2.331805267313388
05/09/2018,3.062424597318029
06/09/2018,5.72317916314865
07/09/2018,-3.711993374936971
10/09/2018,-3.699496981903492
11/09/2018,-3.8024080635861175
12/09/2018,-1.8990566483874296
13/09/2018,-1.6178336095096637
14/09/2018,2.027791571775124
17/09/2018,-2.7536218842585853
18/09/2018,5.290303399093766
19/09/2018,1.2910582224070988
20/09/2018,-1.282642537362657
21/09/2018,-1.741379782842133
24/09/2018,7.462769291687575
25/09/2018,0.4545478010009422
26/09/2018,2.2410019506552645
27/09/2018,-0.2635793503748156
28/09/2018,-2.121291414784128
01/10/2018,-3.0689979782811387
02/10/2018,-3.3941238353787613
03/10/2018,-3.6482356525168993
04/10/2018,0.1669866385072457
05/10/2018,1.3496304968122483
08/10/2018,0.007738245675174
09/10/2018,-2.7958006617072235
10/10/2018,1.448041476999609
11/10/2018,1.0468760506560932
12/10/2018,2.51336954935336
15/10/2018,-1.318129130145443
16/10/2018,-3.2961721667587547
17/10/2018,-3.659564646323286
18/10/2018,1.737810509642887
19/10/2018,4.175637238321606
22/10/2018,4.2222894370973325
23/10/2018,-2.316540547248557
24/10/2018,-2.2333145459438484
25/10/2018,-2.546772397027452
26/10/2018,-0.7100478737769182
29/10/2018,-0.6199892747233424
30/10/2018,-1.8105638053434308
31/10/2018,1.596086420385459
01/11/2018,6.264477498900048
02/11/2018,-0.1584732763907521
05/11/2018,3.4061597830818773
06/11/2018,-3.223787932998913
07/11/2018,-0.186295172863968
08/11/2018,1.162889693939932
09/11/2018,1.01624567921124
12/11/2018,0.3896669213633276
13/11/2018,-0.3729894642764687
14/11/2018,-2.779244185183974
15/11/2018,3.4463379601028072
16/11/2018,-1.149707359661987
19/11/2018,0.0609512217959327
20/11/2018,2.637190017743704
21/11/2018,-1.0018961638385169
22/11/2018,1.7116835300505753
23/11/2018,-2.910881533931838
26/11/2018,-1.552692965380511
27/11/2018,-0.7815499070229182
28/11/2018,1.060886871050652
29/11/2018,-4.155483324769732
30/11/2018,-0.4547265898837385
03/12/2018,-1.5978925061021712
04/12/2018,-0.8453593591902886
05/12/2018,-2.0222051760705653
06/12/2018,-1.079066767980028
07/12/2018,-0.9026427967107546
10/12/2018,0.9416561793621852
11/12/2018,-0.4221190276447506
12/12/2018,-0.6288828175516974
13/12/2018,-0.0124350140128335
14/12/2018,0.0771451779997957
17/12/2018,0.7325588615648044
18/12/2018,-0.2282546359564588
19/12/2018,-2.389750908391337
20/12/2018,-3.296802565085854
21/12/2018,1.556276291930418
24/12/2018,2.728925460415647
25/12/2018,0.5476214927637422
26/12/2018,3.619611671066664
27/12/2018,2.7427396043874177
28/12/2018,2.0715449129943755
31/12/2018,2.5236097598024
01/01/2019,-3.733408839042767
02/01/2019,-0.3065939856798325
03/01/2019,-0.866245525814618
04/01/2019,-0.9385303215226616
07/01/2019,-3.2824196834115966
08/01/2019,3.39664175526006
09/01/2019,-0.0831831879740782
10/01/2019,4.47487100220156
11/01/2019,0.3604542639241997
14/01/2019,-1.769180985249061
15/01/2019,1.1672785827503285
16/01/2019,0.6495294377330755
17/01/2019,6.038342568231313
18/01/2019,-1.975094028216496
21/01/2019,3.9067112113435463
22/01/2019,-0.3017452684274335
23/01/2019,-1.252184691787804
24/01/2019,1.0621907967007338
25/01/2019,1.1045432945989866
28/01/2019,-2.169115546242233
29/01/2019,-3.723403189899439
30/01/2019,-1.1764304563891417
31/01/2019,-0.5125682643546001
01/02/2019,-0.927216402800788
04/02/2019,1.486225625381768
05/02/2019,-0.8721938070273099
06/02/2019,-6.752398085472656
07/02/2019,-5.585068678011435
08/02/2019,0.7879497103088731
11/02/2019,1.775330670257524
12/02/2019,0.2367421411543261
13/02/2019,2.9147800217896926
14/02/2019,-4.655520276021966
15/02/2019,-0.6659886287711363
18/02/2019,6.128111011130351
19/02/2019,4.010331719322361
20/02/2019,-1.824881277050578
21/02/2019,-1.6361204752637242
22/02/2019,3.99691426258678
25/02/2019,-4.3397286537143
26/02/2019,-1.3222512375526754
27/02/2019,-0.8909679243074791
28/02/2019,-1.7148225868853664
01/03/2019,-1.6263845294141968
04/03/2019,5.446488869743128
05/03/2019,3.642900580680778
06/03/2019,-1.45043675147632
07/03/2019,-2.216402556444553
08/03/2019,1.0784293973519747
11/03/2019,1.909765480150162
12/03/2019,-1.6669946528177693
13/03/2019,-0.1368325408562916
14/03/2019,4.108600971989537
15/03/2019,2.3544594823603644
18/03/2019,-0.656766609413316
19/03/2019,-1.9748287856551032
20/03/2019,0.5785882943318807
21/03/2019,-1.9710566927008024
22/03/2019,1.7493839566693574
25/03/2019,-0.2908530761964993
26/03/2019,-2.353429686371758
27/03/2019,2.9047076510053933
28/03/2019,-1.23633063167001
29/03/2019,1.1338950095570974
01/04/2019,-0.2622796188340279
02/04/2019,-1.1879243462474365
03/04/2019,2.097410035453899
04/04/2019,1.6656187393564572
05/04/2019,-2.0523751587401904
08/04/2019,-5.199447331082356
09/04/2019,-5.989386150179067
10/04/2019,-1.1967224843948403
11/04/2019,0.8939347827616066
12/04/2019,-1.5920308377290118
15/04/2019,-5.0223252880716505
16/04/2019,2.204524907479968
17/04/2019,-2.367608164556172
18/04/2019,3.5330707974454603
19/04/2019,2.392183084825204
22/04/2019,1.446310650940827
23/04/2019,-4.472374747586632
24/04/2019,5.054762288867456
25/04/2019,1.1057634648768486
26/04/2019,0.3554386103246222
29/04/2019,-4.191056679221894
30/04/2019,-0.1465346202187084
01/05/2019,-0.6305797204366868
02/05/2019,-3.005734290397459
03/05/2019,2.967369063332254
06/05/2019,-1.6013820999221968
07/05/2019,1.7787226656523962
08/05/2019,-1.4012163007045195
09/05/2019,2.2482676767588274
10/05/2019,-7.6262479852707585
13/05/2019,2.579044718458268
14/05/2019,2.354311133559216
15/05/2019,5.00371646367707
16/05/2019,2.5319360767146666
17/05/2019,3.523257005056188
20/05/2019,2.004884244235133
21/05/2019,4.086276554797028
22/05/2019,-3.923264923305117
23/05/2019,-0.9077041680894776
24/05/2019,1.0419031508552847
27/05/2019,-4.322597542954983
28/05/2019,3.0016850646427
29/05/2019,1.1217958689597245
30/05/2019,2.6751750418857623
31/05/2019,0.664103240764985
03/06/2019,-2.377997011006548
04/06/2019,-4.027804183512847
05/06/2019,-1.9194450396830427
06/06/2019,0.4305885369953738
07/06/2019,5.602640684813171
10/06/2019,0.3665947347700414
11/06/2019,5.104496054367987
12/06/2019,-0.0452337989201838
13/06/2019,-5.010589062758077
14/06/2019,2.1175718142252937
17/06/2019,-0.9615929003504337
18/06/2019,0.8494281756073394
19/06/2019,1.4114777962249667
20/06/2019,6.128326135994534
21/06/2019,-0.0429343574342125
24/06/2019,4.739661038793831
25/06/2019,-2.040253198221995
26/06/2019,1.52321091193623
27/06/2019,0.5768596968873171
28/06/2019,-0.8774278284954764
01/07/2019,-8.259152638982709
02/07/2019,4.297037837015248
03/07/2019,1.0291067407873156
04/07/2019,4.364616794242987
05/07/2019,3.1573564569379093
08/07/2019,3.1004188901860097
09/07/2019,3.783197359639293
10/07/2019,0.1214053938200896
11/07/2019,-2.090084988783706
12/07/2019,1.7446821422678465
15/07/2019,-2.2240019829438245
16/07/2019,0.6971874698533919
17/07/2019,-4.558464597960069
18/07/2019,3.7022259763545247
19/07/2019,-5.330771832846416
22/07/2019,1.1544059888163765
23/07/2019,2.9052650445607187
24/07/2019,0.5289430950097687
25/07/2019,0.0369690124255942
26/07/2019,-2.248887210151222
29/07/2019,3.2722517025217064
30/07/2019,-0.0259589253960929
31/07/2019,-6.192816719837605
01/08/2019,-0.8416970903356058
02/08/2019,3.1394140755332263
05/08/2019,-6.988588577817133
06/08/2019,0.1431157242969289
07/08/2019,0.6285817384644368
08/08/2019,-0.5876786130043727
09/08/2019,5.200406202410189
12/08/2019,-0.4326728173318104
13/08/2019,-3.2550660265767566
14/08/2019,3.6412272819205143
15/08/2019,0.2473840207035861
16/08/2019,0.7012809738247464
19/08/2019,-0.835074504503188
20/08/2019,1.3782295488395069
21/08/2019,0.0737311615533893
22/08/2019,0.7852065129177719
23/08/2019,-0.934657873294843
26/08/2019,-1.239007996366483
27/08/2019,2.4621350294344797
28/08/2019,5.855833793054931
29/08/2019,2.617197515339176
30/08/2019,0.048839152708001
02/09/2019,-0.0163435576768452
03/09/2019,-2.096178395108061
04/09/2019,-0.9664568850440838
05/09/2019,2.8538903494642467
06/09/2019,-2.8520898047368988
09/09/2019,-1.607288319845258
10/09/2019,-0.3121123411096423
11/09/2019,-5.348725544012394
12/09/2019,3.901540517351032
13/09/2019,1.3706992892643033
16/09/2019,-4.820670155298108
17/09/2019,1.9661822073448496
18/09/2019,0.0987926239127393
19/09/2019,-2.3737458378112537
20/09/2019,-3.591962447092712
23/09/2019,1.3814025481509322
24/09/2019,-2.346156384579671
25/09/2019,0.8299758875420593
26/09/2019,-1.4397955510055849
27/09/2019,-0.8597696176757841
30/09/2019,-1.1648350954738542
01/10/2019,1.6130930660147045
02/10/2019,-1.242291947913108
03/10/2019,-2.796340576305392
04/10/2019,2.065684583804497
07/10/2019,1.67016493665301
08/10/2019,1.826343420265323
09/10/2019,1.2507836842760351
10/10/2019,2.655237404626382
11/10/2019,-2.192808608057176
14/10/2019,-6.140202342330742
15/10/2019,-1.2049060767915192
16/10/2019,0.4600630194377142
17/10/2019,2.718926624710023
18/10/2019,1.0320626605910672
21/10/2019,-3.637254956636801
22/10/2019,1.8831028184431415
23/10/2019,-6.07287789505614
24/10/2019,-3.138628633430064
25/10/2019,5.009056417935606
28/10/2019,0.749028933214989
29/10/2019,0.5756406735572632
30/10/2019,3.579257971084473
31/10/2019,2.7569302518184897
01/11/2019,3.3952848475801325
04/11/2019,1.899200083134966
05/11/2019,-0.3595983292861633
06/11/2019,0.1155636841761476
07/11/2019,-2.589120801134774
08/11/2019,7.848431791954918
11/11/2019,0.1850276235417594
12/11/2019,4.565534388152581
13/11/2019,-0.8697087816782956
14/11/2019,4.628840365146368
15/11/2019,-2.45989356444477
18/11/2019,-2.7953209504624024
19/11/2019,1.7768805317652006
20/11/2019,-3.8888362214625776
21/11/2019,-1.1602554476145184
22/11/2019,4.294126925239165
25/11/2019,2.5089470877949243
26/11/2019,-1.0930847397310288
27/11/2019,-1.861997232685568
28/11/2019,1.0252622267102849
29/11/2019,1.74896290921471
02/12/2019,-0.4823511372018437
03/12/2019,2.1855441249269894
04/12/2019,2.910373373566304
05/12/2019,-0.2754270777599422
06/12/2019,-0.8488931496416448
09/12/2019,-5.8649817828926025
10/12/2019,2.6050255438652097
11/12/2019,-0.6341832532926974
12/12/2019,0.332160913793556
13/12/2019,-7.014978024142161
16/12/2019,-6.966414916331911
17/12/2019,3.740646669781138
18/12/2019,-1.86442451596206
19/12/2019,-1.2023662064377252
20/12/2019,-2.118306168759155
23/12/2019,-5.131898942715919
24/12/2019,0.1602235605572778
25/12/2019,-1.3967903096686305
26/12/2019,0.4749509287031469
27/12/2019,-1.2092346322079053
30/12/2019,-2.0283647118558585
31/12/2019,-6.145874916874574
01/01/2020,-1.6025917695220238
02/01/2020,1.0757373217398254
03/01/2020,2.7935436473383337
06/01/2020,0.8838171601644507
07/01/2020,-2.354748290422636
08/01/2020,-3.542249343936472
09/01/2020,0.518820844418017
10/01/2020,2.02926651729104
13/01/2020,2.040828908412774
14/01/2020,5.80833909691225
15/01/2020,1.195046656577936
16/01/2020,1.316877768078163
17/01/2020,0.092376872669357
20/01/2020,0.0807890692179033
21/01/2020,5.424897471298203
22/01/2020,3.785790535179836
23/01/2020,-2.1983849337675063
24/01/2020,1.6206184374595092
27/01/2020,-0.9257953286734322
28/01/2020,4.41760869526062
29/01/2020,4.03773654923175
30/01/2020,0.5075984191981957
31/01/2020,1.2051629970294413
03/02/2020,2.629620956433734
04/02/2020,2.292779641993766
05/02/2020,0.5066959986107712
06/02/2020,3.852267940968643
07/02/2020,-1.2455841979523503
10/02/2020,-2.7818043468244347
11/02/2020,-1.903176411312269
12/02/2020,-1.7798703480545182
13/02/2020,-4.927670366748996
14/02/2020,0.2865640045037654
17/02/2020,-2.600614289330245
18/02/2020,3.905793879658368
19/02/2020,1.3211625508175042
20/02/2020,-3.425441574529964
21/02/2020,1.757858570131051
24/02/2020,-7.127532749052282
25/02/2020,2.5772532022223404
26/02/2020,1.532271225505113
27/02/2020,-6.71046792843789
28/02/2020,-2.156649497334848
02/03/2020,-2.9922834754472376
03/03/2020,-3.532470293949017
04/03/2020,-2.8058849942317794
05/03/2020,-2.239107000923043
06/03/2020,6.079191178453492
09/03/2020,1.8002069067433155
10/03/2020,0.3236806897495936
11/03/2020,-1.211669757998164
12/03/2020,-0.6910248008475331
13/03/2020,0.3191498612055207
16/03/2020,-1.7142765581058923
17/03/2020,2.00419093191043
18/03/2020,-0.6159189844299952
19/03/2020,-6.763731115331384
20/03/2020,-0.4083777643937645
23/03/2020,2.8277799877887766
24/03/2020,-3.877136153809736
25/03/2020,0.6209684242330052
26/03/2020,-2.466101481469487
27/03/2020,0.3866852277308861
30/03/2020,3.517734307379172
31/03/2020,-0.3669337261910731
01/04/2020,1.3926621384566389
02/04/2020,-1.5378996004133008
03/04/2020,-2.9537105443797387
06/04/2020,-1.2189069093883635
07/04/2020,1.37037332137293
08/04/2020,0.998019893292383
09/04/2020,4.172816536065976
10/04/2020,-6.413885382785839
13/04/2020,-1.4451660493696687
14/04/2020,-2.04835909450933
15/04/2020,-3.926730777710982
16/04/2020,-2.940598219579444
17/04/2020,4.772299095820955
20/04/2020,5.288725163526179
21/04/2020,0.1488568653676047
22/04/2020,-2.4239801157008958
23/04/2020,0.339592861048354
24/04/2020,2.320761123416588
27/04/2020,-0.1892201329083578
28/04/2020,6.745606063980199
29/04/2020,3.390558534040299
30/04/2020,2.047257876616417
01/05/2020,-2.0045945979726745
04/05/2020,4.068453740511679
05/05/2020,1.161918095002158
06/05/2020,-0.7433264739689166
07/05/2020,-5.074606542919304
08/05/2020,6.425296447360388
11/05/2020,-1.1528430482705805
12/05/2020,3.0997426007443503
13/05/2020,2.9226432327317555
14/05/2020,-3.42911668432199
15/05/2020,5.231053054328123
18/05/2020,1.9244963902872871
19/05/2020,0.8696722658095208
20/05/2020,1.679014368867437
21/05/2020,0.2461573246110364
22/05/2020,-2.2091273859240745
25/05/2020,-0.1328240764213857
26/05/2020,2.477174838450124
27/05/2020,4.472761019318333
28/05/2020,0.2162009537182188
29/05/2020,-4.489697825580566
01/06/2020,2.926544426291345
02/06/2020,-0.6045665421543386
03/06/2020,1.4747703195560902
04/06/2020,-1.5628625670441432
05/06/2020,0.7567121717876406
08/06/2020,1.4903244996408849
09/06/2020,2.840428557371679
10/06/2020,1.3529254419408283
11/06/2020,-1.460136469947272
12/06/2020,-0.8830596657667091
15/06/2020,-1.053634082645737
16/06/2020,2.515459799741388
17/06/2020,-4.408323872201178
18/06/2020,1.6079397904220831
19/06/2020,2.8257051666413435
22/06/2020,8.392804504231705
23/06/2020,0.2791932536703104
24/06/2020,1.4067318325292324
25/06/2020,0.1461096961192283
26/06/2020,5.73141909548368
29/06/2020,-1.666498221853581
30/06/2020,2.735884619321308
01/07/2020,-3.840673567574429
02/07/2020,-0.9633862894789016
03/07/2020,-0.8018544723962083
06/07/2020,1.034487383497701
07/07/2020,-0.0725144958842919
08/07/2020,-1.1308217451513467
09/07/2020,-2.923133978044897
10/07/2020,1.7418996916634413
13/07/2020,4.19897510107247
14/07/2020,1.0882391883384732
15/07/2020,-1.850311155460393
16/07/2020,2.2666192379440115
17/07/2020,-8.157540685123166
20/07/2020,0.8492786437965784
21/07/2020,-0.4296800095493589
22/07/2020,-2.107009051178101
23/07/2020,-2.1420679270622225
24/07/2020,-7.129909654438437
27/07/2020,-3.4669764640433627
28/07/2020,2.9417659226667463
29/07/2020,1.548706624944749
30/07/2020,0.7307500135636285
31/07/2020,1.3333952728818543
03/08/2020,-2.949110698351433
04/08/2020,0.457447254242784
05/08/2020,0.6430753616771344
06/08/2020,2.1313304155161847
07/08/2020,0.8427521246154799
10/08/2020,-3.189842144027498
11/08/2020,-3.807561048414064
12/08/2020,1.2293635817507185
13/08/2020,4.611488019631633
14/08/2020,-1.7265219892901305
17/08/2020,0.2786261129061229
18/08/2020,-3.5390997475028394
19/08/2020,-1.847245023088545
20/08/2020,-1.479813063078018
21/08/2020,1.001964976659084
24/08/2020,0.2622779240764788
25/08/2020,0.6127195350730023
26/08/2020,-0.7623810726921625
27/08/2020,-1.4352933897725553
28/08/2020,-1.467345202121073
31/08/2020,0.8684941191952964
01/09/2020,5.1444085111279225
02/09/2020,-1.1585797614035287
03/09/2020,-1.612238241111651
04/09/2020,-0.8692695376561792
07/09/2020,-1.251342805604254
08/09/2020,1.4247442637059915
09/09/2020,-5.796584863959786
10/09/2020,-4.243530378428986
11/09/2020,-3.876855616112125
14/09/2020,1.800090228303811
15/09/2020,0.7033253604044385
16/09/2020,-1.943012528303152
17/09/2020,-0.1893710635684223
18/09/2020,-0.6879504285583316
21/09/2020,3.6008434219959167
22/09/2020,0.2727934903517035
23/09/2020,0.4849372945278753
24/09/2020,-1.8821577700830248
25/09/2020,-2.689001282535864
28/09/2020,2.3864120250710448
29/09/2020,5.2024939006648925
30/09/2020,-0.934601171672339
01/10/2020,2.0828485747430987
02/10/2020,-3.9023506550839313
05/10/2020,-5.502655289067009
06/10/2020,-3.0733341019531157
07/10/2020,-0.9208888991737868
08/10/2020,-0.957578467974832
09/10/2020,-0.4450667086870572
12/10/2020,0.3009316669446852
13/10/2020,-5.377621049891896
14/10/2020,2.2187433088842616
15/10/2020,1.4912546576948322
16/10/2020,0.51187952641579
19/10/2020,0.9529868553062418
20/10/2020,-1.9231070062126308
21/10/2020,-2.849841835946908
22/10/2020,0.8537198452656762
23/10/2020,-2.000219293018978
26/10/2020,3.0494776192664137
27/10/2020,-1.871010522115697
28/10/2020,-1.7044872337571693
29/10/2020,5.171268051104836
30/10/2020,5.073239829054108
02/11/2020,-2.441293290246576
03/11/2020,2.786516141809708
04/11/2020,-1.1070434490532683
05/11/2020,-1.4969897493472468
06/11/2020,7.325726707939197
09/11/2020,3.473288271467948
10/11/2020,-5.4226587392392425
11/11/2020,-4.619379265300263
12/11/2020,3.541855782605614
13/11/2020,-1.7653597873969331
16/11/2020,0.5888326752540077
17/11/2020,1.5363200345142336
18/11/2020,0.180624881785761
19/11/2020,2.7133555718351805
20/11/2020,3.727871010579735
23/11/2020,0.653928426196699
24/11/2020,1.972732589146973
25/11/2020,-1.1538953699242156
26/11/2020,0.2556434089411801
27/11/2020,0.5356697219378322
30/11/2020,-1.8289276322230963
01/12/2020,-3.7768006554210016
02/12/2020,-0.3929035803843395
03/12/2020,-1.1502247470212084
04/12/2020,1.3503737458012663
07/12/2020,-3.2866524853171555
08/12/2020,-2.4335087299749643
09/12/2020,2.460198405642985
10/12/2020,1.030952348142371
11/12/2020,-3.201445898643778
14/12/2020,2.1557846333403523
15/12/2020,2.0947895974359145
16/12/2020,-4.006038097427164
17/12/2020,-0.0029355493325953
18/12/2020,0.0273526806421037
21/12/2020,-0.95833686022021
22/12/2020,-1.6340194368192429
23/12/2020,-0.0143952416657397
24/12/2020,-1.6528407998127908
25/12/2020,-1.2232692257501592
28/12/2020,-1.4670411817866928
29/12/2020,-4.285834034100611
30/12/2020,-0.0628125751576802
31/12/2020,1.6198950743352645
01/01/2021,0.9187622327068276
04/01/2021,0.9162816699791336
05/01/2021,1.8155667478320887
06/01/2021,-5.026387408285178
07/01/2021,-3.9032481801929286
08/01/2021,2.7798729527672315
11/01/2021,-2.0925472266780303
12/01/2021,1.3206905197730685
13/01/2021,0.7025569425844814
14/01/2021,5.807732538639227
15/01/2021,-2.278873454719681
18/01/2021,1.8233206978998933
19/01/2021,-3.636684842388594
20/01/2021,4.590515251268478
21/01/2021,-2.483596044113833
22/01/2021,-3.4261247980642766
25/01/2021,2.283652031926542
26/01/2021,3.821928992435117
27/01/2021,1.3270900111548425
28/01/2021,-0.8061498784311394
29/01/2021,5.929088206498132
01/02/2021,-0.3601561691506181
02/02/2021,-2.340200709395644
03/02/2021,-2.36001779799021
04/02/2021,1.076244128472836
05/02/2021,3.363340289690831
08/02/2021,-0.5597846066148694
09/02/2021,-1.212032116899795
10/02/2021,-1.7472560440243254
11/02/2021,-1.3038525106527157
12/02/2021,4.197433208272029
15/02/2021,0.0421262819775257
16/02/2021,2.8589420887050325
17/02/2021,2.665270660177132
18/02/2021,3.7560161821384983
19/02/2021,-7.922776566712685
22/02/2021,-1.6546000162838037
23/02/2021,-0.6063761016859839
24/02/2021,-0.347939244250302
25/02/2021,-0.6766750799337361
26/02/2021,-0.356191277094717
01/03/2021,-2.8491824827816337
02/03/2021,-1.4192349371215436
03/03/2021,-0.4754578091192695
04/03/2021,1.0498534902435983
05/03/2021,0.4329030658668339
08/03/2021,-0.3356390586848528
09/03/2021,2.687273796889335
10/03/2021,1.6398226972915462
11/03/2021,-5.034417248627237
12/03/2021,2.6307435365672376
15/03/2021,5.275265667637415
16/03/2021,1.2085708169386633
17/03/2021,3.7501968035837576
18/03/2021,3.7167130647574487
19/03/2021,-1.758045462047969
22/03/2021,-1.165342480319321
23/03/2021,-2.634861996800332
24/03/2021,-0.4060376078005162
25/03/2021,-0.6652144741185019
26/03/2021,-4.214771322912221
29/03/2021,0.4074746719320672
30/03/2021,1.17011740033446
31/03/2021,1.0034432921607093
01/04/2021,-0.2818087935689617
02/04/2021,-0.6263366992052852
05/04/2021,2.2757800582637757
06/04/2021,1.3518750338465868
07/04/2021,0.4059396006813535
08/04/2021,-0.4584358492836453
09/04/2021,-3.24661978292955
12/04/2021,3.40702007444629
13/04/2021,-6.16650614085117
14/04/2021,-5.3408622903285385
15/04/2021,-4.173067058293642
16/04/2021,-2.072257946509013
19/04/2021,-3.286824918628994
20/04/2021,3.8097744030804463
21/04/2021,0.9272505220608376
22/04/2021,3.280399983017829
23/04/2021,0.3272533166411335
26/04/2021,2.9512589284102826
27/04/2021,-6.231615116361821
28/04/2021,1.1028360946375282
29/04/2021,0.161254951804015
30/04/2021,-5.213295495660634
03/05/2021,-4.776008540530359
04/05/2021,-2.406744648870382
05/05/2021,-4.204385045761496
06/05/2021,-2.3928323166227567
07/05/2021,-7.496291650627636
10/05/2021,0.2269382362935612
11/05/2021,-2.493111797694561
12/05/2021,3.292367184257757
13/05/2021,0.2435201840727304
14/05/2021,-3.6986532950272464
17/05/2021,-1.4424317198601295
18/05/2021,-6.388250990057125
19/05/2021,6.405929946927651
20/05/2021,0.5085247251850655
21/05/2021,-0.7270583927622594
24/05/2021,-2.4628916650967376
25/05/2021,5.44234761623204
26/05/2021,0.3282827668914099
27/05/2021,-1.5199001501517595
28/05/2021,-2.275897862500239
31/05/2021,1.896151916047536
01/06/2021,1.741887691970152
02/06/2021,-2.6355769546501784
03/06/2021,-3.9995967114177713
04/06/2021,-0.9356996338027068
07/06/2021,1.083586990463806
08/06/2021,3.4429435026730992
09/06/2021,5.317098527452196
10/06/2021,-5.036564788798756
11/06/2021,2.1744579805279165
14/06/2021,-6.057955795211681
15/06/2021,-0.2360590651639026
16/06/2021,-2.0765930459024595
17/06/2021,1.913729293984716
18/06/2021,-7.341872524479038
21/06/2021,1.063727831600838
22/06/2021,-0.8253762173045923
23/06/2021,-1.7745743458927543
24/06/2021,-1.6737123655656938
25/06/2021,9.22843110625013
28/06/2021,-2.8360843187338807
29/06/2021,0.4132236723570828
30/06/2021,4.768055891348753
01/07/2021,-4.53730269119203
02/07/2021,4.329498802711552
05/07/2021,-0.9299264044940604
06/07/2021,4.130067273917896
07/07/2021,-1.3194589365096074
08/07/2021,3.808463630779917
09/07/2021,2.09612534449992
12/07/2021,4.220050047674048
13/07/2021,-3.7786899454538174
14/07/2021,-0.0039990568637228
15/07/2021,-0.4012564647631073
16/07/2021,0.949369732336004
19/07/2021,4.211549322674822
20/07/2021,-1.0069065380940865
21/07/2021,-2.395970491255753
22/07/2021,-6.145486163955722
23/07/2021,2.40354423339352
26/07/2021,0.876433639494792
27/07/2021,0.7895225409061623
28/07/2021,-0.0144433962178343
29/07/2021,-2.4769209757031705
30/07/2021,-4.141131708584072
02/08/2021,0.6696317210694536
03/08/2021,4.576258219482242
04/08/2021,-4.429884274974008
05/08/2021,1.1043963482699364
06/08/2021,0.5611554035290183
09/08/2021,-1.2177544755457868
10/08/2021,0.6229799720634832
11/08/2021,-1.172412108886861
12/08/2021,-0.373736686333895
13/08/2021,3.6348795556740336
16/08/2021,-2.5260118845095425
17/08/2021,-1.639078880927809
18/08/2021,-1.4022422492071485
19/08/2021,1.9788487562152184
20/08/2021,-6.687420533605166
23/08/2021,-0.6087713798902636
24/08/2021,2.653625042174027
25/08/2021,-3.7232721236978543
26/08/2021,-0.2155364764196576
27/08/2021,-4.004400755171842
30/08/2021,-1.4790149911891102
31/08/2021,-0.6144317799565073
01/09/2021,-2.731181993844221
02/09/2021,-5.439018322936233
03/09/2021,0.8845654752983776
06/09/2021,-3.5364911342615573
07/09/2021,0.0456505463947247
08/09/2021,-0.7878050458837393
09/09/2021,0.6588100615508047
10/09/2021,3.974964127036313
13/09/2021,-1.5652556078114697
14/09/2021,2.376227525016642
15/09/2021,5.087231970189485
16/09/2021,1.9563022665943095
17/09/2021,-1.4372861133645891
20/09/2021,6.011444535599589
21/09/2021,0.6301627799440576
22/09/2021,2.9412395757547274
23/09/2021,-1.70705998809657
24/09/2021,-2.005705283001996
27/09/2021,-1.89505863769572
28/09/2021,-1.3427946589942523
29/09/2021,-2.377108083680053
30/09/2021,0.9402328397170758
01/10/2021,-4.292044031530005
04/10/2021,1.982057765096415
05/10/2021,-1.6288325003390436
06/10/2021,0.7923231614341588
07/10/2021,-1.0607347397569615
08/10/2021,-3.125746792012721
11/10/2021,-0.0687593548514459
12/10/2021,4.565547257795744
13/10/2021,2.645483015798431
14/10/2021,2.3990522564288543
15/10/2021,-0.959134600806949
18/10/2021,-1.3471004715563222
19/10/2021,2.831796316905806
20/10/2021,-0.459085641296834
21/10/2021,-3.885959723762436
22/10/2021,1.0760175083384853
25/10/2021,-0.2685420328519051
26/10/2021,-5.944663715345094
27/10/2021,-5.668561447179349
28/10/2021,0.5865759119043631
29/10/2021,4.395507325166189
01/11/2021,-1.2521303424591583
02/11/2021,3.2565686411697543
03/11/2021,-0.7226423695125899
04/11/2021,-2.5251718836640835
05/11/2021,-2.4479269456521715
08/11/2021,1.947531360470556
09/11/2021,-0.4790081957393596
10/11/2021,-0.80031217708016
11/11/2021,-4.54712613979199
12/11/2021,2.746245668946318
15/11/2021,1.1371336705187356
16/11/2021,-2.362220088473966
17/11/2021,-4.9845151050045065
18/11/2021,2.541422313405473
19/11/2021,4.764487208797519
22/11/2021,4.771951178293775
23/11/2021,-1.467821286599709
24/11/2021,1.6630788510575871
25/11/2021,4.25940793018129
26/11/2021,8.379940072917728
29/11/2021,-1.0058201450914637
30/11/2021,2.367326465691834
01/12/2021,2.014201240799113
02/12/2021,-1.8398181096759263
03/12/2021,0.2528900600655605
06/12/2021,1.082552372338876
07/12/2021,2.825426154060138
08/12/2021,-1.4484429813130408
09/12/2021,-1.1058834174281496
10/12/2021,-0.9628346178897448
13/12/2021,-3.0562619762768595
14/12/2021,-0.830991785896896
15/12/2021,-0.0071365093194899
16/12/2021,1.902191224862918
17/12/2021,-3.5279836197763657
20/12/2021,4.098394179454296
21/12/2021,2.408814835269162
22/12/2021,-0.7663167995078494
23/12/2021,2.9929243639625938
24/12/2021,-4.341168651828991
27/12/2021,-0.1701653876771379
28/12/2021,-2.1941726622030946
29/12/2021,-1.7569285724663757
30/12/2021,3.307157606763556
31/12/2021,1.588038313060755
03/01/2022,-0.5345994804972286
04/01/2022,4.653731295865814
05/01/2022,-2.5463554240711184
06/01/2022,-1.7651912552978577
07/01/2022,-1.5596338075204144
10/01/2022,6.163975177478932
11/01/2022,0.075549334344131
12/01/2022,-3.2684278299598524
13/01/2022,0.9135605643532828
14/01/2022,-1.5891886134164042
17/01/2022,0.4708961661642941
18/01/2022,7.045636605551032
19/01/2022,-0.2734771656254309
20/01/2022,-2.7790493189004817
21/01/2022,-2.0612680257203864
24/01/2022,3.84372178274972
25/01/2022,-2.636036272452026
26/01/2022,2.1522109612124627
27/01/2022,1.478377631045156
28/01/2022,-0.7045672688058516
31/01/2022,2.4265242543665577
01/02/2022,6.212347152178716
02/02/2022,0.582124940770704
03/02/2022,4.708829762828281
04/02/2022,2.558159778129185
07/02/2022,1.5930809290597363
08/02/2022,-0.2576843937746423
09/02/2022,2.1540019483086468
10/02/2022,-3.6884640682910375
11/02/2022,-5.271579802865762
14/02/2022,-0.0202339177162725
15/02/2022,3.148546228377949
16/02/2022,-0.658136830352731
17/02/2022,-0.7173564654980081
18/02/2022,0.1928950490011017
21/02/2022,0.9287513143048246
22/02/2022,-1.008710425956
23/02/2022,1.565641347741122
24/02/2022,2.639491564088729
25/02/2022,-4.012611071452763
28/02/2022,-5.954850189648652
01/03/2022,0.0784320428472592
02/03/2022,-0.556992458976201
03/03/2022,0.6110486158989917
04/03/2022,0.964499091686668
07/03/2022,-0.1545814867051934
08/03/2022,-4.507329789939071
09/03/2022,2.0250376895679105
10/03/2022,1.5305076105699853
11/03/2022,2.2894469482998705
14/03/2022,1.1602660474323327
15/03/2022,-4.007775805669107
16/03/2022,2.5241129620450646
17/03/2022,3.568297312797692
18/03/2022,-0.4497930669060991
21/03/2022,5.328737007323099
22/03/2022,-1.8988597723039575
23/03/2022,2.092558370702249
24/03/2022,0.9899092874661852
25/03/2022,0.2409761354173085
28/03/2022,7.3438115886672435
29/03/2022,-4.284850871339451
30/03/2022,0.3996484231555822
31/03/2022,-2.033943052375478
01/04/2022,2.0882943590825143
04/04/2022,-2.6739966747709447
05/04/2022,2.484624431781383
06/04/2022,2.1292860338943425
07/04/2022,-0.1238999371331112
08/04/2022,0.7782227086202447
11/04/2022,-4.000479607478031
12/04/2022,-1.7325071364139808
13/04/2022,-0.037007409489594
14/04/2022,1.524140796349298
15/04/2022,-3.0758601641258143
18/04/2022,-4.826185517131047
19/04/2022,0.6406017740111463
20/04/2022,0.1219950313276656
21/04/2022,-4.54679318145125
22/04/2022,-0.3994946833772345
25/04/2022,3.161217903552682
26/04/2022,-2.591980281077151
27/04/2022,3.967503246578748
28/04/2022,-0.8414819804621054
29/04/2022,-0.3929655994910589
02/05/2022,-0.8740242950247499
03/05/2022,-3.971192144467409
04/05/2022,-1.996044867944922
05/05/2022,-0.2134721742604756
06/05/2022,1.0253728227149672
09/05/2022,5.321209073373235
10/05/2022,0.1436303966164377
11/05/2022,-1.1463957239393243
12/05/2022,-1.6763103894411011
13/05/2022,-0.4669401678768567
16/05/2022,-0.2674372026430486
17/05/2022,5.171962569719124
18/05/2022,-3.1172359682246484
19/05/2022,-2.841575312981014
20/05/2022,5.451283796139768
23/05/2022,-0.9709528412602352
24/05/2022,-0.3201887031263887
25/05/2022,3.644144348760104
26/05/2022,3.4425290235574018
27/05/2022,-4.420769907210388
30/05/2022,0.6636515056001565
31/05/2022,2.0871691903704983
01/06/2022,-2.666600541702787
02/06/2022,-3.823999088854906
03/06/2022,2.5436906135923985
06/06/2022,1.5974527943664223
07/06/2022,0.9343637309644371
08/06/2022,-0.3957821753888988
09/06/2022,0.2430997689469939
10/06/2022,-3.7657578677452657
13/06/2022,3.872973775484016
14/06/2022,-0.0798619770901575
15/06/2022,-0.7567969654257427
16/06/2022,0.2938500047598044
17/06/2022,-4.317467563465146
20/06/2022,-2.564616195124392
21/06/2022,2.6468594787203084
22/06/2022,3.1151633172055515
23/06/2022,0.6651951499637706
24/06/2022,2.111020250053175
27/06/2022,-2.380102447712261
28/06/2022,-0.7168291785321339
29/06/2022,1.0470871730771338
30/06/2022,6.439150809433702
01/07/2022,0.542261907826819
04/07/2022,-3.2094858447337944
05/07/2022,0.4473894948314495
06/07/2022,-0.7273180885610917
07/07/2022,-1.667428903122084
08/07/2022,-2.20441649684938
11/07/2022,0.5490301921774744
12/07/2022,6.876084165603391
13/07/2022,5.486868379181697
14/07/2022,-2.744983445334991
15/07/2022,2.0819977113227166
18/07/2022,-2.853064197175198
19/07/2022,1.334492752205348
20/07/2022,-2.8406136960615336
21/07/2022,-3.3638766469645645
22/07/2022,0.9426547168897988
25/07/2022,8.43922174421056
26/07/2022,1.7189849045573553
27/07/2022,0.8330725068635214
28/07/2022,1.7473465306827052
29/07/2022,1.8831122179545816
01/08/2022,-2.3337700324884807
02/08/2022,1.647693066696655
03/08/2022,-2.1576892967222228
04/08/2022,-3.769716482565696
05/08/2022,0.2731946345418127
08/08/2022,-2.429163007018828
09/08/2022,-1.3449553084120318
10/08/2022,2.591044660245358
11/08/2022,-5.41498315100989
12/08/2022,-3.909814971372004
15/08/2022,-0.8925627173729164
16/08/2022,3.357596911584431
17/08/2022,0.8502525890679791
18/08/2022,-2.897264275611858
19/08/2022,-0.5520588959537946
22/08/2022,2.0839013801005675
23/08/2022,2.3569355519422337
24/08/2022,-2.7711768146316595
25/08/2022,-3.1240524153163927
26/08/2022,-0.7084698511565817
29/08/2022,0.4008860521676292
30/08/2022,-1.90478169683924
31/08/2022,-1.5556519395688464
01/09/2022,6.91523541737015
02/09/2022,2.5745969713486523
05/09/2022,9.88121588016999
06/09/2022,-0.1031985365922584
07/09/2022,-2.540119164593313
08/09/2022,-1.067300488084042
09/09/2022,-3.5344592654127545
12/09/2022,2.125675689903629
13/09/2022,-1.725410077998172
14/09/2022,-0.800418206547661
15/09/2022,-7.541739409978934
16/09/2022,-3.4951199000674222
19/09/2022,-0.5961204249245552
20/09/2022,0.4171129005271357
21/09/2022,2.4736542265183354
22/09/2022,-1.8015290973619624
23/09/2022,-1.7796710008384844
26/09/2022,-2.2286563688109613
27/09/2022,-0.0744423972889509
28/09/2022,-1.2922148472354351
29/09/2022,-2.608760821579396
30/09/2022,-2.0357370989728256
03/10/2022,-0.4380976895318995
04/10/2022,-2.332798871612392
05/10/2022,1.287874668319397
06/10/2022,1.1378334879247871
07/10/2022,-0.3503881911676804
10/10/2022,0.9364225171402512
11/10/2022,-3.263170931434865
12/10/2022,6.355005917108381
13/10/2022,1.082179425552516
14/10/2022,-2.9020489550509927
17/10/2022,-4.34492532623389
18/10/2022,0.521008191371857
19/10/2022,1.8641929031252
20/10/2022,4.9049627241228775
21/10/2022,-1.4046531499566843
24/10/2022,-0.3617229810350602
25/10/2022,3.020711804297169
26/10/2022,0.9473281822010158
27/10/2022,4.978198718127487
28/10/2022,-0.1073028366517
31/10/2022,-1.0337412104090775
01/11/2022,-0.217663158694363
02/11/2022,2.3730098155216446
03/11/2022,7.067515045351161
04/11/2022,2.202295888839793
07/11/2022,-0.1317383689753871
08/11/2022,-2.2121118850057604
09/11/2022,-1.5016906814310174
10/11/2022,-1.0661725306537737
11/11/2022,-6.118840438230064
14/11/2022,-5.620884916000595
15/11/2022,-0.7741858709634676
16/11/2022,-0.1089778775363447
17/11/2022,-2.9058540173974747
18/11/2022,0.6331653820958777
21/11/2022,5.271579643647234
22/11/2022,1.536255906933262
23/11/2022,-4.51433678412576
24/11/2022,-1.963325166137548
25/11/2022,-3.733742639082136
28/11/2022,-0.2312612545960725
29/11/2022,3.225704611265791
30/11/2022,3.2024184245066483
01/12/2022,-1.1116378578273456
02/12/2022,-4.015996674648098
05/12/2022,1.0021734175215968
06/12/2022,2.715937955786392
07/12/2022,0.9374349522893332
08/12/2022,3.475376057245027
09/12/2022,1.9752788099904
12/12/2022,-0.390751844652754
13/12/2022,-2.281530079662794
14/12/2022,-1.9201310528724016
15/12/2022,-0.9168777926461054
16/12/2022,2.7972258268393766
19/12/2022,1.2584041903628738
20/12/2022,0.7040554989186706
21/12/2022,-4.721131878916028
22/12/2022,-3.7730297092940654
23/12/2022,-0.9570784526593534
26/12/2022,5.327389149228565
27/12/2022,1.4064652742820811
28/12/2022,-0.0725556361738741
29/12/2022,-4.2456178517552505
30/12/2022,1.0837539335269797
02/01/2023,1.0969271611820353
03/01/2023,-4.252165422902036
04/01/2023,-3.529778179951224
05/01/2023,4.663165383606632
06/01/2023,1.399078964111966
09/01/2023,1.8580008754142967
10/01/2023,-2.234899313190202
11/01/2023,-5.291270391126624
12/01/2023,0.6645962540416366
13/01/2023,-0.7937303830914262
16/01/2023,-1.5094656296635356
17/01/2023,-3.313634950530457
18/01/2023,-1.988626866475506
19/01/2023,0.7854599105796157
20/01/2023,1.1014111235325006
23/01/2023,1.5172064961923
24/01/2023,0.8987595498693816
25/01/2023,0.460234737436813
26/01/2023,-0.5024424875456961
27/01/2023,1.387184777732167
30/01/2023,0.3001521004497476
31/01/2023,-5.516871543798565
01/02/2023,2.062428254687955
02/02/2023,4.649230436474938
03/02/2023,-5.496251221427325
06/02/2023,2.6896992837237077
07/02/2023,-3.087777532474356
08/02/2023,-4.4069889561781785
09/02/2023,0.572150164756392
10/02/2023,2.763494139698479
13/02/2023,2.145636813829121
14/02/2023,-1.999325511306202
15/02/2023,1.384076972825909
16/02/2023,0.6375816799074892
17/02/2023,2.592916742194009
20/02/2023,2.3527593142395165
21/02/2023,-0.3850406999731155
22/02/2023,0.1696997180277443
23/02/2023,0.4561615649950035
24/02/2023,2.6965603287484883
27/02/2023,1.4995723555185425
28/02/2023,1.178192501078825
01/03/2023,-1.041952099011917
02/03/2023,2.356571542584076
03/03/2023,2.148595091870656
06/03/2023,-1.630905983010638
07/03/2023,-2.005317289626821
08/03/2023,-2.7825430110181983
09/03/2023,1.028224975568441
10/03/2023,7.103019466301561
13/03/2023,-1.717784511247957
14/03/2023,-0.4567230959123819
15/03/2023,2.378623839596304
16/03/2023,3.453570675898021
17/03/2023,6.518363804261503
20/03/2023,1.548563187570953
21/03/2023,-0.859057799057775
22/03/2023,-4.954506546932695
23/03/2023,-1.4791051222006877
24/03/2023,-4.5630459301213255
27/03/2023,0.6749615255005137
28/03/2023,2.477421090992944
29/03/2023,-0.9964823750512796
30/03/2023,1.138236444791862
31/03/2023,-6.828198395984781
03/04/2023,-4.754205922415598
04/04/2023,-4.134161565444995
05/04/2023,4.310320577111906
06/04/2023,-0.9869860430008012
07/04/2023,-1.517398122836593
10/04/2023,-4.003967086139457
11/04/2023,3.6977342953490777
12/04/2023,-4.989112025630543
13/04/2023,-0.0871559294526728
14/04/2023,-2.5362415887198364
17/04/2023,-2.456803462210972
18/04/2023,-2.2002705370338678
19/04/2023,5.46781871136125
20/04/2023,0.0923310468453159
21/04/2023,0.1230746136734041
24/04/2023,0.7750453384703462
25/04/2023,-0.2438453742050627
26/04/2023,-4.372675942323096
27/04/2023,3.9012800519696857
28/04/2023,0.0547433861597191
01/05/2023,-4.969707784568004
02/05/2023,0.5212581193457649
03/05/2023,4.656934845776252
04/05/2023,-6.384046435162641
05/05/2023,2.6045033491303737
08/05/2023,-1.7865668714242164
09/05/2023,-0.1777731755434217
10/05/2023,0.5350190595869322
11/05/2023,-2.117288779140281
12/05/2023,-0.7853174331314028
15/05/2023,-0.6154113643158085
16/05/2023,4.26141643480186
17/05/2023,-4.075846715327306
18/05/2023,-2.8140463889208287
19/05/2023,1.359798832966406
22/05/2023,-0.8349180312915723
23/05/2023,3.444807497771821
24/05/2023,0.848345248123826
25/05/2023,0.4510162642540796
26/05/2023,-5.749068643468746
29/05/2023,1.5664215184962196
30/05/2023,5.600370036492929
31/05/2023,1.4818172603874564
01/06/2023,6.916432728898521
02/06/2023,-1.5357565481890476
05/06/2023,0.8286058403580495
06/06/2023,5.347157054029325
07/06/2023,1.4634391574009755
08/06/2023,2.648823251218836
09/06/2023,-1.4642828102452556
12/06/2023,2.631749384317676
13/06/2023,0.7667384571161534
14/06/2023,2.222299841459744
15/06/2023,-10.221126430782762
16/06/2023,0.7310690959584292
19/06/2023,0.9209717816992808
20/06/2023,-0.2628225709661541
21/06/2023,0.4128448305381158
22/06/2023,1.859280966058552
23/06/2023,4.222747255885007
26/06/2023,-3.115068395515364
27/06/2023,6.128533371806859
28/06/2023,-3.963029079624116
29/06/2023,2.678630233454846
30/06/2023,-4.634896567429328
03/07/2023,4.368202338908655
04/07/2023,4.298924714671872
05/07/2023,1.3669920351324576
06/07/2023,3.430983762621447
07/07/2023,-1.771007301500394
10/07/2023,0.3954678660385455
11/07/2023,1.191399487245654
12/07/2023,0.5487854328581552
13/07/2023,-0.329339914683157
14/07/2023,0.1982853766374286
17/07/2023,1.0228473149477282
18/07/2023,5.480147954395982
19/07/2023,4.328742725185151
20/07/2023,2.043321090400297
21/07/2023,-0.6578162419638744
24/07/2023,8.878507394549061
25/07/2023,-1.1651245815818418
26/07/2023,-0.2276991344841088
27/07/2023,1.8303777595147053
28/07/2023,-3.5270712743946104
31/07/2023,-1.202276708801012
01/08/2023,-2.5384042665880573
02/08/2023,1.6951038359409094
03/08/2023,-0.2033821678795267
04/08/2023,-2.6298986300774896
07/08/2023,1.4144504407344276
08/08/2023,1.9346334169938972
09/08/2023,-2.0236263464593467
10/08/2023,-4.264864395734103
11/08/2023,-3.204965281498136
14/08/2023,-1.945610649572392
15/08/2023,4.670835691857114
16/08/2023,-6.5047987920573895
17/08/2023,2.1514179974893315
18/08/2023,0.6100364717451818
21/08/2023,4.164805914707426
22/08/2023,-3.320819688277028
23/08/2023,-2.7423213596169456
24/08/2023,0.0778049562977572
25/08/2023,1.6526676138211098
28/08/2023,-0.2185272796288355
29/08/2023,-3.4028271121009306
30/08/2023,0.906789032614084
31/08/2023,-2.501331253894932
01/09/2023,-5.040832558872863
04/09/2023,0.7283014881738538
05/09/2023,-1.529291598663785
06/09/2023,3.556663678395271
07/09/2023,-0.8602542968626896
08/09/2023,-2.794916057909304
11/09/2023,-2.402876686330426
12/09/2023,-1.6350666335692137
13/09/2023,5.2266833109407855
14/09/2023,-3.190543110529833
15/09/2023,2.841055910361646
18/09/2023,0.3324484125128758
19/09/2023,5.099609841532045
20/09/2023,0.5021872159449404
21/09/2023,2.668845986697729
22/09/2023,1.0274399950361226
25/09/2023,0.3390587840886094
26/09/2023,-2.24792526771845
27/09/2023,0.9481404077490893
28/09/2023,-0.7835650833176172
29/09/2023,0.6837138733480737
02/10/2023,-10.01517730606951
03/10/2023,-9.674896637824018
04/10/2023,-3.4323721697501903
05/10/2023,-0.5154189405403692
06/10/2023,-4.0119849119479225
09/10/2023,1.6011414316790775
10/10/2023,-0.2257925736908415
11/10/2023,-3.484270179871506
12/10/2023,-1.0310876257746304
13/10/2023,-3.036905578962849
16/10/2023,1.6263178199847692
17/10/2023,3.5784233813190225
18/10/2023,-1.343473317524872
19/10/2023,2.940307948671369
20/10/2023,5.274673128143213
23/10/2023,2.780904798421778
24/10/2023,-1.9626066219136704
25/10/2023,-4.9327348893285325
26/10/2023,1.1767478132833844
27/10/2023,1.3202509390396138
30/10/2023,-5.967478213465386
31/10/2023,-0.2531725535401911
01/11/2023,0.5835169971684766
02/11/2023,4.703011727421413
03/11/2023,4.010575434249526
06/11/2023,4.740021712808803
07/11/2023,-0.9999980233456036
08/11/2023,-1.5969509906043222
09/11/2023,-2.0344802458649225
10/11/2023,-1.030887767324213
13/11/2023,-4.925387801769256
14/11/2023,-4.69492648403028
15/11/2023,0.996159984846773
16/11/2023,5.239515444413243
17/11/2023,-0.0449820983538654
20/11/2023,-1.5419136012151102
21/11/2023,-1.1308389266381234
22/11/2023,-1.4485148579134748
23/11/2023,-3.111795788884939
24/11/2023,0.8434515747195712
27/11/2023,1.832572367481509
28/11/2023,2.540823236805249
29/11/2023,-0.2125471823888409
30/11/2023,-2.225079998434813
01/12/2023,-2.1313876922603074
04/12/2023,-0.3892980231937453
05/12/2023,0.3987564117157949
06/12/2023,-1.1700530741774164
07/12/2023,3.685566471994113
08/12/2023,2.3836641695013463
11/12/2023,-2.01291942749158
12/12/2023,1.7083278714470074
13/12/2023,3.715264473115945
14/12/2023,1.3223486065946544
15/12/2023,-5.053804289640092
18/12/2023,3.050271951737168
19/12/2023,0.1113234937088122
20/12/2023,1.8442568595725373
21/12/2023,-2.623501110551242
22/12/2023,0.2038614473801959
25/12/2023,1.3515251764803926
26/12/2023,-0.4322351571329422
27/12/2023,1.2213954334834414
28/12/2023,4.02027731034266
29/12/2023,0.7452210906046628
01/01/2024,0.760021254367391
02/01/2024,-0.0060951311362625
03/01/2024,1.6982600885577177
04/01/2024,3.024762639277609
05/01/2024,-0.5184283518877788
08/01/2024,3.4591025018700505
09/01/2024,1.412476548992145
10/01/2024,1.4866528475185945
11/01/2024,0.2586813135559033
12/01/2024,3.882048243522848
15/01/2024,3.8954046874716086
16/01/2024,1.0868032533735603
17/01/2024,4.804925408758846
18/01/2024,0.7958760576851219
19/01/2024,-4.996935228485249
22/01/2024,-2.7188353324695096
23/01/2024,1.0903624943572163
24/01/2024,-2.738688946307107
25/01/2024,-2.099519221237675
26/01/2024,4.653675257575792
29/01/2024,-0.1846422833759253
30/01/2024,-0.519420709540981
31/01/2024,-2.657113940309692
01/02/2024,3.4121323771034824
02/02/2024,-2.0357597293037104
05/02/2024,0.6337974648220681
06/02/2024,-0.8542616181811735
07/02/2024,0.2183513159496284
08/02/2024,3.6182143213626174
09/02/2024,1.0755872558969817
12/02/2024,2.006786837719796
13/02/2024,2.798286588824496
14/02/2024,-3.337526987421677
15/02/2024,0.0408427721831134
16/02/2024,-1.2076675941164288
19/02/2024,-5.047004986393303
20/02/2024,3.618318303382357
21/02/2024,0.8878391099771019
22/02/2024,-0.4222488614572453
23/02/2024,3.295853772046555
26/02/2024,0.1744351148364205
27/02/2024,5.829864625494334
28/02/2024,3.7825896878489647
29/02/2024,0.9350343439789774
01/03/2024,-1.841907909596207
04/03/2024,3.554165038426615
05/03/2024,4.750074564556828
06/03/2024,-3.7127097635385713
07/03/2024,0.2243819312296979
08/03/2024,-6.714379967905215
11/03/2024,2.1733039432486816
12/03/2024,-0.4752495184239147
13/03/2024,2.416334094063857
14/03/2024,0.03819760307995
15/03/2024,1.4943222626388908
18/03/2024,-0.9627744328336048
19/03/2024,0.5334663441742651
20/03/2024,-0.8849552776155737
21/03/2024,-2.572538496259005
22/03/2024,1.4690732583363348
25/03/2024,5.340370204519189
26/03/2024,-0.9175279627462036
27/03/2024,0.3479058737924529
28/03/2024,-1.239599655307542
29/03/2024,-2.0322537263244507
01/04/2024,0.2324281630070544
02/04/2024,1.4701229636780186
03/04/2024,0.9871659159820207
04/04/2024,-2.025370768206229
05/04/2024,1.9028367125041783
08/04/2024,0.5836699335429272
09/04/2024,-2.840788013273608
10/04/2024,-0.6327101291156333
11/04/2024,-0.4946889975776261
12/04/2024,2.13011575666664
15/04/2024,-0.5351060124154036
16/04/2024,-3.815992900614511
17/04/2024,0.7079364988285705
18/04/2024,-0.0683476880326242
19/04/2024,-3.8045769021304383
22/04/2024,1.6944228386172049
23/04/2024,5.116849042379876
24/04/2024,4.267984868591572
25/04/2024,3.1246857697750485
26/04/2024,0.2678472399032294
29/04/2024,4.836028617449428
30/04/2024,-0.5806193199327152
01/05/2024,4.036147506863512
02/05/2024,1.6785621138141358
03/05/2024,1.2297198604263124
06/05/2024,5.401014537829583
07/05/2024,0.2765498737331764
08/05/2024,3.998301620428905
09/05/2024,-5.143428557870608
10/05/2024,2.269937379698709
13/05/2024,1.5566901272481444
14/05/2024,-0.0605374164463003
15/05/2024,-1.2469466848385091
16/05/2024,2.961295516789232
17/05/2024,2.067231688138826
20/05/2024,-0.376282907735995
21/05/2024,0.5987976159034716
22/05/2024,-4.318168768884519
23/05/2024,0.8437532498491129
24/05/2024,3.7114077614529433
27/05/2024,1.862091123296476
28/05/2024,-4.731352681426412
29/05/2024,2.428715055790415
30/05/2024,1.4567397564836655
31/05/2024,-1.1905086098823423
03/06/2024,-1.7031027297228227
04/06/2024,5.391361073993621
05/06/2024,-0.2375779991106439
06/06/2024,0.4634244221004239
07/06/2024,-0.7359323375212881
10/06/2024,1.9738613994279484
11/06/2024,2.09429936683858
12/06/2024,0.3252211597266118
13/06/2024,0.5265590333693865
14/06/2024,-1.7636500987447152
17/06/2024,0.0916195909970817
18/06/2024,-3.8518566745598313
19/06/2024,-3.354067124988356
20/06/2024,3.262717280194269
21/06/2024,5.569618301810476
24/06/2024,-0.0835965903811251
25/06/2024,-1.0512434228683247
26/06/2024,0.3209728705691256
27/06/2024,-0.0475198495982086
28/06/2024,-2.092792749556733
01/07/2024,-1.7039800777570893
02/07/2024,1.346162500865799
03/07/2024,3.842793726502361
04/07/2024,1.916750285718373
05/07/2024,1.334446840305546
08/07/2024,-0.3750528352621103
09/07/2024,-2.084477253443139
10/07/2024,1.2943090229015743
11/07/2024,-1.5927090792315517
12/07/2024,0.7347245211034978
15/07/2024,0.3546997021378109
16/07/2024,0.2995202052075584
17/07/2024,1.4737800315629055
18/07/2024,0.4408188546969455
19/07/2024,0.8405702347150865
22/07/2024,-1.0336280013689865
23/07/2024,-4.061639652912687
24/07/2024,-6.700217837855284
25/07/2024,-0.3318432119940039
26/07/2024,0.3450879441361865
29/07/2024,2.399622662253721
30/07/2024,-0.6403300556620007
31/07/2024,-0.7145598774427798
01/08/2024,0.0542886402001585
02/08/2024,-8.749716635374499
05/08/2024,1.1879441010216274
06/08/2024,-0.2589780591239868
07/08/2024,-0.9285069884188546
08/08/2024,-3.350821133003871
09/08/2024,-4.251967951801222
12/08/2024,5.217921854264215
13/08/2024,2.061677071049104
14/08/2024,0.2314153266538703
15/08/2024,-5.09594013718697
16/08/2024,-5.135473037802406
19/08/2024,-1.9634913289538904
20/08/2024,1.705488844719894
21/08/2024,0.0880932526475581
22/08/2024,2.657754000247303
23/08/2024,-3.238638792444947
26/08/2024,-2.250738004014666
27/08/2024,3.2630531472497437
28/08/2024,-0.9759955474406534
29/08/2024,3.114988827214368
30/08/2024,-2.813547602903816
02/09/2024,8.441979080358616
03/09/2024,-2.1076556758679343
04/09/2024,0.4844823694490486
05/09/2024,-0.396766240146044
06/09/2024,-0.2140075877727762
09/09/2024,-2.3618930520075225
10/09/2024,-1.7510839597511776
11/09/2024,-1.6730343966330434
12/09/2024,5.276936826541806
13/09/2024,5.360005916415047
16/09/2024,2.6541973129872605
17/09/2024,-3.9156825727184055
18/09/2024,1.8245252292378893
19/09/2024,-2.6198985566632413
20/09/2024,-2.278369774696679
23/09/2024,1.775111813551928
24/09/2024,-3.185901407857611
25/09/2024,0.647113540935915
26/09/2024,-1.5910341651192963
27/09/2024,-3.4702066118097568
30/09/2024,-0.0878040650085929
01/10/2024,-0.4242527623235996
02/10/2024,2.2949554462427573
03/10/2024,0.0289721386456216
04/10/2024,-2.008891001226256
07/10/2024,1.571425667090354
08/10/2024,-2.775030203232908
09/10/2024,1.7523211027900296
10/10/2024,1.0435712785187083
11/10/2024,3.239091951114484
14/10/2024,2.59578742702739
15/10/2024,1.237497444858975
16/10/2024,-2.141927270561728
17/10/2024,0.4437688757102812
18/10/2024,1.3320497681044534
21/10/2024,3.7383032291809775
22/10/2024,-3.4938419565054475
23/10/2024,3.171362055843968
24/10/2024,-2.2134930120320897
25/10/2024,1.1598991622567616
28/10/2024,8.783083143801454
29/10/2024,0.9492349347696988
30/10/2024,-0.3421585133449352
31/10/2024,2.6180209597357127
01/11/2024,-6.678279164824798
04/11/2024,1.238063932405916
05/11/2024,-3.729786306655525
06/11/2024,-2.8649862729700173
07/11/2024,-0.7478329484447563
08/11/2024,-1.205537786819766
11/11/2024,-3.811886830956469
12/11/2024,-2.094638987546936
13/11/2024,7.1894599507001145
14/11/2024,-2.2826907638768006
15/11/2024,4.565109417788749
18/11/2024,1.4931208791285402
19/11/2024,3.0341326122806955
20/11/2024,-0.1359794961187702
21/11/2024,0.7114971610626748
22/11/2024,-1.435509393131548
25/11/2024,-3.04611018569883
26/11/2024,-0.9452978964272593
27/11/2024,4.127922009308191
28/11/2024,4.460411726634763
29/11/2024,1.3201994723867414
02/12/2024,3.9429238747767874
03/12/2024,-1.7520757551000326
04/12/2024,-4.330150986706101
05/12/2024,1.0544007097481511
06/12/2024,-2.360773075101592
09/12/2024,-3.0346358258140183
10/12/2024,-1.2481688479592228
11/12/2024,-2.270249076282252
12/12/2024,-0.778762593743523
13/12/2024,-1.7993080117524114
16/12/2024,6.205573121043221
17/12/2024,-0.0776150791148634
18/12/2024,-1.3161589698819456
19/12/2024,2.977292873025888
20/12/2024,-0.3544311481557511
23/12/2024,1.700039826327298
24/12/2024,2.0877796464824856
25/12/2024,3.227509330915976
26/12/2024,-5.846845336751522
27/12/2024,3.303475862726012
30/12/2024,1.9885514858278917
31/12/2024,1.8808934528430337
01/01/2025,-2.467331466100714
02/01/2025,-4.668640173270827
03/01/2025,0.900265932200063
06/01/2025,-0.1222454174729253
07/01/2025,-1.1084089401623218
08/01/2025,-1.393695651780023
09/01/2025,-2.8822660902738737
10/01/2025,-0.012149434647651
13/01/2025,-2.4329394709856493
14/01/2025,-1.0198814236172504
15/01/2025,-3.3313424343100366
16/01/2025,0.0335633828949917
17/01/2025,-2.49775283235286
20/01/2025,-2.754007109747417
21/01/2025,-2.459644630641158
22/01/2025,-2.0953719797854657
23/01/2025,-1.170988726293526
24/01/2025,-1.0163037327285074
27/01/2025,-2.78465657937042
28/01/2025,3.677796143126705
29/01/2025,-5.197852196098852
30/01/2025,-1.05481466778307
31/01/2025,2.214299147554172
03/02/2025,-2.732687454062108
04/02/2025,-1.1255697787406365
05/02/2025,0.3079643781162317
06/02/2025,0.471296930030452
07/02/2025,1.6647572265232138
10/02/2025,-1.397898392117831
11/02/2025,-4.049439342105139
12/02/2025,-2.686052644890465
13/02/2025,-3.605648260907798
14/02/2025,2.1570469726574304
17/02/2025,2.416360189735836
18/02/2025,-5.567006310223038
19/02/2025,-1.4513369727203185
20/02/2025,1.462662251669328
21/02/2025,0.0010442342511453
24/02/2025,-2.484978769154202
25/02/2025,-0.4605128270566511
26/02/2025,2.208390945226828
27/02/2025,0.8735427882511215
28/02/2025,-5.3774317826396825
03/03/2025,1.9965809928624847
04/03/2025,-0.3104750660870123
05/03/2025,-3.113912935713872
06/03/2025,-3.028741241225741
07/03/2025,5.049384529331013
10/03/2025,-0.5423891635466703
11/03/2025,0.8381665832482112
12/03/2025,-0.804023946488925
13/03/2025,-2.486162885667196
14/03/2025,2.251801404122628
17/03/2025,4.915426466356468
18/03/2025,-0.3554346997342191
19/03/2025,4.385094826614823
20/03/2025,3.129080657840447
21/03/2025,5.225353995502145
24/03/2025,2.36295662554655
25/03/2025,-0.1521361678914212
26/03/2025,-2.2970870903814844
27/03/2025,1.1111770113431485
28/03/2025,1.2199283024578818
31/03/2025,-1.2166346903703709
01/04/2025,1.0147897681872422
02/04/2025,0.2367744828153095
03/04/2025,-1.259884306938997
04/04/2025,-0.4479631605781405
07/04/2025,-3.237051627567805
08/04/2025,6.31437586009981
09/04/2025,-3.313926348050166
10/04/2025,1.0419543536713585
11/04/2025,-1.5809828481272414
14/04/2025,-0.714330631165671
15/04/2025,0.3264231292312624
16/04/2025,-0.5718283939413522
17/04/2025,-2.486582297255965
18/04/2025,2.048161935913936
21/04/2025,2.3289517110919933
22/04/2025,-5.864982731689605
23/04/2025,-0.9078426760942282
24/04/2025,-0.6456681106279953
25/04/2025,2.6809596370649875
28/04/2025,6.692041303281936
29/04/2025,0.8537768061765152
30/04/2025,-0.4271628691672935
01/05/2025,-0.3799950025702894
02/05/2025,1.3969575316171297
05/05/2025,0.8447710436292448
06/05/2025,0.6650859243512046
07/05/2025,0.936695881714618
08/05/2025,-1.0408139043470157
09/05/2025,0.1385886888199307
12/05/2025,5.447664196638471
13/05/2025,-1.7002468275649618
14/05/2025,0.9096225659930822
15/05/2025,-2.888648338625723
16/05/2025,-0.7259580976380101
19/05/2025,1.833363532557245
20/05/2025,1.8617210037093912
21/05/2025,0.4848261072013496
22/05/2025,0.3630936599015883
23/05/2025,4.710989695059423
26/05/2025,2.120874856345935
27/05/2025,2.971438950365369
28/05/2025,1.645806370854114
29/05/2025,-4.186648503897059
30/05/2025,-2.594072192174357
02/06/2025,0.6638622619755836
03/06/2025,-1.673907305531611
04/06/2025,1.1890720676333235
05/06/2025,1.8882775051263756
06/06/2025,0.7158226364468632
09/06/2025,-3.0107639012818463
10/06/2025,0.5738778434357038
11/06/2025,-5.707128707597881
12/06/2025,-1.303294739883357
13/06/2025,1.3023591042637332
16/06/2025,-0.5062245626258159
17/06/2025,0.2639294395085512
18/06/2025,-6.338543046274991
19/06/2025,-1.4028175404343202
20/06/2025,-0.7037826619951646
23/06/2025,3.946713807923162
24/06/2025,-0.1741945548457398
25/06/2025,1.5229338571400397
26/06/2025,2.0747750714645656
27/06/2025,-0.7673388462536442
30/06/2025,-2.4474131294497745
01/07/2025,1.9663350228635232
02/07/2025,0.1425715399078778
03/07/2025,-0.221426501015015
04/07/2025,0.7390106910271294
07/07/2025,-3.211465321599965
08/07/2025,-8.838786390979408
09/07/2025,2.4918301645818515
10/07/2025,6.493208607009015
11/07/2025,0.2391528319575611
14/07/2025,2.5693232665410664
15/07/2025,2.4402529869426184
16/07/2025,-0.467882587047016
17/07/2025,1.0410573031874173
18/07/2025,-2.222693383376805
21/07/2025,0.3758380203504713
22/07/2025,3.793722011251624
23/07/2025,0.6728734699818144
24/07/2025,-7.018746182382576
25/07/2025,4.638641130029221
28/07/2025,5.144669945623153
29/07/2025,7.533928695007392
30/07/2025,-9.416039956487822
31/07/2025,1.523979766518618
01/08/2025,1.813263229179316
04/08/2025,0.383654072871142
05/08/2025,-4.712490057491099
06/08/2025,0.4170701132564189
07/08/2025,4.735840178294238
08/08/2025,-8.578027125858279
11/08/2025,2.118853889281612
12/08/2025,5.988174209543801
13/08/2025,-6.306232272731636
14/08/2025,-2.580729198620252
15/08/2025,1.983646484582332
18/08/2025,3.5591089028245078
19/08/2025,3.3226382142272453
20/08/2025,3.6527962818256112
21/08/2025,2.3757044059677117
22/08/2025,-2.952737090843325
25/08/2025,4.214560953024938
26/08/2025,-1.0554114813320237
27/08/2025,1.863388959893629
28/08/2025,1.5942474113842169
29/08/2025,0.7761333558709858
01/09/2025,-0.4905238773202351
02/09/2025,-0.8319449482516494
03/09/2025,-0.298537258993949
04/09/2025,-1.0981247934896494
05/09/2025,1.650540642797711
08/09/2025,3.3565420616317043
09/09/2025,-4.812728466216963
10/09/2025,0.8934899576867104
11/09/2025,-4.122117359154458
12/09/2025,-2.8641347928980068
15/09/2025,3.2296596708359124
16/09/2025,0.4323984346335726
17/09/2025,5.976764736550161
18/09/2025,-9.93302720840273
19/09/2025,-1.9403066854302489
22/09/2025,-0.5958983242787534
23/09/2025,-3.2908296024114705
24/09/2025,0.1178084026188686
25/09/2025,-2.154502988574225
26/09/2025,-6.1660264361445245
29/09/2025,1.5396133197338595
30/09/2025,-1.2013916192354843
01/10/2025,-1.0386674025254847
02/10/2025,-1.4317864105068023
03/10/2025,6.370958995224992
06/10/2025,-2.042765778145182
07/10/2025,2.161813098998013
08/10/2025,-1.835114004870848
09/10/2025,-1.593376633726201
10/10/2025,-0.8868837362776683
13/10/2025,-4.1286083710161625
14/10/2025,1.660551959800635
15/10/2025,1.3840998700781897
16/10/2025,4.8659560672560325
17/10/2025,0.7831187785846163
20/10/2025,1.910565554690331
21/10/2025,-3.079376280044835
22/10/2025,2.343717207816673
23/10/2025,3.4969671286451844
24/10/2025,1.7787793004604369
27/10/2025,-0.4572772472031261
28/10/2025,-3.655487453292856
29/10/2025,-0.4784150033751793
30/10/2025,-0.2420889376295408
31/10/2025,3.4823860919120677
03/11/2025,2.0103055318304746
04/11/2025,3.449292548948171
05/11/2025,1.1442596805870917
06/11/2025,0.0428871636908416
07/11/2025,0.6847607683181962
10/11/2025,-3.184112967945751
11/11/2025,2.620992287845302
12/11/2025,-1.243844355239868
13/11/2025,2.6377907917052847
14/11/2025,-2.151935674586473
17/11/2025,-3.66805705216812
18/11/2025,-2.3138407929570235
19/11/2025,1.5152180032291789
20/11/2025,-6.060504163490237
21/11/2025,-4.0109988532049705
24/11/2025,-2.1364754504041974
25/11/2025,-1.3834608074679933
26/11/2025,1.5024588896782882
27/11/2025,-2.101237565520869
28/11/2025,-0.8188001526471527
01/12/2025,-3.2900960568605333
02/12/2025,-2.412185627352412
03/12/2025,2.402433521998884
04/12/2025,0.0894601573681196
05/12/2025,-1.9274560858214804
08/12/2025,0.7021733856380379
09/12/2025,2.7639535271629496
10/12/2025,1.0439851405866862
11/12/2025,1.7101759955857698
12/12/2025,-4.50900917571046
